prompt 新增T_R_BASE数据......
insert into T_R_BASE (ID, PARENTID, PATH, TYPE)
values ('1011', '701', '{100}.{701}.{1011}', 'nt:category');
insert into T_R_BASE (ID, PARENTID, PATH, TYPE)
values ('2001', '1011', '{100}.{701}.{1011}.{2001}', 'nt:category');
insert into T_R_BASE (ID, PARENTID, PATH, TYPE)
values ('2002', '1011', '{100}.{701}.{1011}.{2002}', 'nt:category');
insert into T_R_BASE (ID, PARENTID, PATH, TYPE)
values ('2003', '1011', '{100}.{701}.{1011}.{2003}', 'nt:category');
insert into T_R_BASE (ID, PARENTID, PATH, TYPE)
values ('24436844', '2003', '{100}.{701}.{1011}.{2003}.{24436844}', 'nt:category');
insert into T_R_BASE (ID, PARENTID, PATH, TYPE)
values ('24436854', '2003', '{100}.{701}.{1011}.{2003}.{24436854}', 'nt:category');
insert into T_R_BASE (ID, PARENTID, PATH, TYPE)
values ('24436857', '2003', '{100}.{701}.{1011}.{2003}.{24436857}', 'nt:category');
insert into T_R_BASE (ID, PARENTID, PATH, TYPE)
values ('24436860', '2003', '{100}.{701}.{1011}.{2003}.{24436860}', 'nt:category');
insert into T_R_BASE (ID, PARENTID, PATH, TYPE)
values ('24436871', '2002', '{100}.{701}.{1011}.{2002}.{24436871}', 'nt:category');
insert into T_R_BASE (ID, PARENTID, PATH, TYPE)
values ('24436873', '2002', '{100}.{701}.{1011}.{2002}.{24436873}', 'nt:category');
insert into T_R_BASE (ID, PARENTID, PATH, TYPE)
values ('24436877', '2002', '{100}.{701}.{1011}.{2002}.{24436877}', 'nt:category');
insert into T_R_BASE (ID, PARENTID, PATH, TYPE)
values ('24436880', '2002', '{100}.{701}.{1011}.{2002}.{24436880}', 'nt:category');
insert into T_R_BASE (ID, PARENTID, PATH, TYPE)
values ('24436883', '2002', '{100}.{701}.{1011}.{2002}.{24436883}', 'nt:category');
insert into T_R_BASE (ID, PARENTID, PATH, TYPE)
values ('24436890', '2002', '{100}.{701}.{1011}.{2002}.{24436890}', 'nt:category');
insert into T_R_BASE (ID, PARENTID, PATH, TYPE)
values ('24436892', '2002', '{100}.{701}.{1011}.{2002}.{24436892}', 'nt:category');
insert into T_R_BASE (ID, PARENTID, PATH, TYPE)
values ('24436902', '2001', '{100}.{701}.{1011}.{2001}.{24436902}', 'nt:category');
insert into T_R_BASE (ID, PARENTID, PATH, TYPE)
values ('24436903', '2001', '{100}.{701}.{1011}.{2001}.{24436903}', 'nt:category');
insert into T_R_BASE (ID, PARENTID, PATH, TYPE)
values ('24436905', '2001', '{100}.{701}.{1011}.{2001}.{24436905}', 'nt:category');
insert into T_R_BASE (ID, PARENTID, PATH, TYPE)
values ('24436909', '2001', '{100}.{701}.{1011}.{2001}.{24436909}', 'nt:category');
insert into T_R_BASE (ID, PARENTID, PATH, TYPE)
values ('24436912', '2001', '{100}.{701}.{1011}.{2001}.{24436912}', 'nt:category');
insert into T_R_BASE (ID, PARENTID, PATH, TYPE)
values ('55643964', '2001', '{100}.{701}.{1011}.{2001}.{55643964}', 'nt:category');
insert into T_R_BASE (ID, PARENTID, PATH, TYPE)
values ('6565767', '2001', '{100}.{701}.{1011}.{2001}.{6565767}', 'nt:category');
insert into T_R_BASE (ID, PARENTID, PATH, TYPE)
values ('6565770', '2001', '{100}.{701}.{1011}.{2001}.{6565770}', 'nt:category');
insert into T_R_BASE (ID, PARENTID, PATH, TYPE)
values ('7006', '2001', '{100}.{701}.{1011}.{2001}.{7006}', 'nt:category');
insert into T_R_BASE (ID, PARENTID, PATH, TYPE)
values ('7007', '2001', '{100}.{701}.{1011}.{2001}.{7007}', 'nt:category');
insert into T_R_BASE (ID, PARENTID, PATH, TYPE)
values ('7009', '2001', '{100}.{701}.{1011}.{2001}.{7009}', 'nt:category');
insert into T_R_BASE (ID, PARENTID, PATH, TYPE)
values ('7011', '2001', '{100}.{701}.{1011}.{2001}.{7011}', 'nt:category');
insert into T_R_BASE (ID, PARENTID, PATH, TYPE)
values ('7013', '2001', '{100}.{701}.{1011}.{2001}.{7013}', 'nt:category');
insert into T_R_BASE (ID, PARENTID, PATH, TYPE)
values ('7015', '2003', '{100}.{701}.{1011}.{2003}.{7015}', 'nt:category');
insert into T_R_BASE (ID, PARENTID, PATH, TYPE)
values ('7017', '2003', '{100}.{701}.{1011}.{2003}.{7017}', 'nt:category');
insert into T_R_BASE (ID, PARENTID, PATH, TYPE)
values ('7019', '2003', '{100}.{701}.{1011}.{2003}.{7019}', 'nt:category');
insert into T_R_BASE (ID, PARENTID, PATH, TYPE)
values ('7021', '2003', '{100}.{701}.{1011}.{2003}.{7021}', 'nt:category');
insert into T_R_BASE (ID, PARENTID, PATH, TYPE)
values ('7023', '2003', '{100}.{701}.{1011}.{2003}.{7023}', 'nt:category');
insert into T_R_BASE (ID, PARENTID, PATH, TYPE)
values ('7025', '2003', '{100}.{701}.{1011}.{2003}.{7025}', 'nt:category');
insert into T_R_BASE (ID, PARENTID, PATH, TYPE)
values ('7027', '2003', '{100}.{701}.{1011}.{2003}.{7027}', 'nt:category');
insert into T_R_BASE (ID, PARENTID, PATH, TYPE)
values ('7029', '2002', '{100}.{701}.{1011}.{2002}.{7029}', 'nt:category');
insert into T_R_BASE (ID, PARENTID, PATH, TYPE)
values ('7031', '2002', '{100}.{701}.{1011}.{2002}.{7031}', 'nt:category');
insert into T_R_BASE (ID, PARENTID, PATH, TYPE)
values ('7035', '2002', '{100}.{701}.{1011}.{2002}.{7035}', 'nt:category');
insert into T_R_BASE (ID, PARENTID, PATH, TYPE)
values ('7041', '2002', '{100}.{701}.{1011}.{2002}.{7041}', 'nt:category');
insert into T_R_BASE (ID, PARENTID, PATH, TYPE)
values ('7043', '2002', '{100}.{701}.{1011}.{2002}.{7043}', 'nt:category');
insert into T_R_BASE (ID, PARENTID, PATH, TYPE)
values ('7045', '2002', '{100}.{701}.{1011}.{2002}.{7045}', 'nt:category');
insert into T_R_BASE (ID, PARENTID, PATH, TYPE)
values ('7049', '2002', '{100}.{701}.{1011}.{2002}.{7049}', 'nt:category');
insert into T_R_BASE (ID, PARENTID, PATH, TYPE)
values ('7051', '2002', '{100}.{701}.{1011}.{2002}.{7051}', 'nt:category');
insert into T_R_BASE (ID, PARENTID, PATH, TYPE)
values ('7053', '2003', '{100}.{701}.{1011}.{2003}.{7053}', 'nt:category');
insert into T_R_BASE (ID, PARENTID, PATH, TYPE)
values ('7628', '2003', '{100}.{701}.{1011}.{2003}.{7628}', 'nt:category');
prompt 新增T_R_BASE数据完毕，共增加45条记录
prompt 新增T_R_CATEGORY数据......
insert into T_R_CATEGORY (ID, NAME, DESCS, SORTID, CTYPE, CATEGORYID, DELFLAG, CHANGEDATE, STATE, PARENTCATEGORYID, RELATION, PICURL, STATISTIC)
values ('1011', '终端应用', '终端门户应用频道', 0, 1, '100000007', 0, '2009-04-05 15:53:56', 1, null, 'O', null, null);
insert into T_R_CATEGORY (ID, NAME, DESCS, SORTID, CTYPE, CATEGORYID, DELFLAG, CHANGEDATE, STATE, PARENTCATEGORYID, RELATION, PICURL, STATISTIC)
values ('2001', '应用软件', '终端应用频道子频道－应用软件', 0, 1, '100000008', 0, '2009-04-05 15:53:56', 1, '100000007', 'O', null, null);
insert into T_R_CATEGORY (ID, NAME, DESCS, SORTID, CTYPE, CATEGORYID, DELFLAG, CHANGEDATE, STATE, PARENTCATEGORYID, RELATION, PICURL, STATISTIC)
values ('7006', '新闻', '新闻', 0, 0, '100000015', 0, '2009-04-06 15:38:36', 1, '100000008', 'O', null, 0);
insert into T_R_CATEGORY (ID, NAME, DESCS, SORTID, CTYPE, CATEGORYID, DELFLAG, CHANGEDATE, STATE, PARENTCATEGORYID, RELATION, PICURL, STATISTIC)
values ('7007', '工具', '工具', 0, 0, '100000016', 0, '2009-04-06 15:39:19', 1, '100000008', 'O', null, 0);
insert into T_R_CATEGORY (ID, NAME, DESCS, SORTID, CTYPE, CATEGORYID, DELFLAG, CHANGEDATE, STATE, PARENTCATEGORYID, RELATION, PICURL, STATISTIC)
values ('7009', '娱乐', '娱乐', 0, 0, '100000018', 0, '2009-04-06 15:39:44', 1, '100000008', 'O', null, 0);
insert into T_R_CATEGORY (ID, NAME, DESCS, SORTID, CTYPE, CATEGORYID, DELFLAG, CHANGEDATE, STATE, PARENTCATEGORYID, RELATION, PICURL, STATISTIC)
values ('7011', '社交', '社交', 0, 0, '100000020', 0, '2009-04-06 15:40:01', 1, '100000008', 'O', null, 0);
insert into T_R_CATEGORY (ID, NAME, DESCS, SORTID, CTYPE, CATEGORYID, DELFLAG, CHANGEDATE, STATE, PARENTCATEGORYID, RELATION, PICURL, STATISTIC)
values ('7013', '商务', '商务', 0, 0, '100000022', 0, '2009-04-06 15:40:15', 1, '100000008', 'O', null, 0);
insert into T_R_CATEGORY (ID, NAME, DESCS, SORTID, CTYPE, CATEGORYID, DELFLAG, CHANGEDATE, STATE, PARENTCATEGORYID, RELATION, PICURL, STATISTIC)
values ('6565767', '财务', '财务', 0, 0, '100001036', 0, '2010-03-16 22:20:53', 1, '100000008', 'O', null, 0);
insert into T_R_CATEGORY (ID, NAME, DESCS, SORTID, CTYPE, CATEGORYID, DELFLAG, CHANGEDATE, STATE, PARENTCATEGORYID, RELATION, PICURL, STATISTIC)
values ('6565770', '书籍', '书籍', 0, 0, '100001039', 0, '2010-03-16 22:25:27', 1, '100000008', 'O', null, 0);
insert into T_R_CATEGORY (ID, NAME, DESCS, SORTID, CTYPE, CATEGORYID, DELFLAG, CHANGEDATE, STATE, PARENTCATEGORYID, RELATION, PICURL, STATISTIC)
values ('55643964', '动漫', '动漫', 0, 0, '100002814', 0, '2010-11-11 17:57:39', 1, '100000008', 'O', null, null);
insert into T_R_CATEGORY (ID, NAME, DESCS, SORTID, CTYPE, CATEGORYID, DELFLAG, CHANGEDATE, STATE, PARENTCATEGORYID, RELATION, PICURL, STATISTIC)
values ('24436902', '生活', '生活', 0, 0, '100002371', 0, '2010-06-16 15:02:54', 1, '100000008', 'O', null, null);
insert into T_R_CATEGORY (ID, NAME, DESCS, SORTID, CTYPE, CATEGORYID, DELFLAG, CHANGEDATE, STATE, PARENTCATEGORYID, RELATION, PICURL, STATISTIC)
values ('24436903', '摄影', '摄影', 0, 0, '100002372', 0, '2010-06-16 15:03:08', 1, '100000008', 'O', null, null);
insert into T_R_CATEGORY (ID, NAME, DESCS, SORTID, CTYPE, CATEGORYID, DELFLAG, CHANGEDATE, STATE, PARENTCATEGORYID, RELATION, PICURL, STATISTIC)
values ('24436905', '教育', '教育', 0, 0, '100002374', 0, '2010-06-16 15:03:24', 1, '100000008', 'O', null, null);
insert into T_R_CATEGORY (ID, NAME, DESCS, SORTID, CTYPE, CATEGORYID, DELFLAG, CHANGEDATE, STATE, PARENTCATEGORYID, RELATION, PICURL, STATISTIC)
values ('24436909', '健康', '健康', 0, 0, '100002378', 0, '2010-06-16 15:04:08', 1, '100000008', 'O', null, null);
insert into T_R_CATEGORY (ID, NAME, DESCS, SORTID, CTYPE, CATEGORYID, DELFLAG, CHANGEDATE, STATE, PARENTCATEGORYID, RELATION, PICURL, STATISTIC)
values ('24436912', '视频', '视频', 0, 0, '100002381', 0, '2010-06-16 15:04:37', 1, '100000008', 'O', null, null);
insert into T_R_CATEGORY (ID, NAME, DESCS, SORTID, CTYPE, CATEGORYID, DELFLAG, CHANGEDATE, STATE, PARENTCATEGORYID, RELATION, PICURL, STATISTIC)
values ('2002', '手机主题', '终端应用频道子频道－手机主题', 0, 1, '100000009', 0, '2009-04-05 15:53:56', 1, '100000007', 'O', null, null);
insert into T_R_CATEGORY (ID, NAME, DESCS, SORTID, CTYPE, CATEGORYID, DELFLAG, CHANGEDATE, STATE, PARENTCATEGORYID, RELATION, PICURL, STATISTIC)
values ('7029', '爱情', '爱情', 0, 0, '100000038', 0, '2009-04-06 15:48:07', 1, '100000009', 'O', null, 0);
insert into T_R_CATEGORY (ID, NAME, DESCS, SORTID, CTYPE, CATEGORYID, DELFLAG, CHANGEDATE, STATE, PARENTCATEGORYID, RELATION, PICURL, STATISTIC)
values ('7031', '人物', '人物', 0, 0, '100000040', 0, '2009-04-06 15:48:32', 1, '100000009', 'O', null, null);
insert into T_R_CATEGORY (ID, NAME, DESCS, SORTID, CTYPE, CATEGORYID, DELFLAG, CHANGEDATE, STATE, PARENTCATEGORYID, RELATION, PICURL, STATISTIC)
values ('7035', '节日', '节日', 0, 0, '100000044', 0, '2009-04-06 15:48:59', 1, '100000009', 'O', null, null);
insert into T_R_CATEGORY (ID, NAME, DESCS, SORTID, CTYPE, CATEGORYID, DELFLAG, CHANGEDATE, STATE, PARENTCATEGORYID, RELATION, PICURL, STATISTIC)
values ('7041', '体育', '体育', 0, 0, '100000050', 0, '2009-04-06 15:49:50', 1, '100000009', 'O', null, null);
insert into T_R_CATEGORY (ID, NAME, DESCS, SORTID, CTYPE, CATEGORYID, DELFLAG, CHANGEDATE, STATE, PARENTCATEGORYID, RELATION, PICURL, STATISTIC)
values ('7043', '动物', '动物', 0, 0, '100000052', 0, '2009-04-06 15:50:05', 1, '100000009', 'O', null, null);
insert into T_R_CATEGORY (ID, NAME, DESCS, SORTID, CTYPE, CATEGORYID, DELFLAG, CHANGEDATE, STATE, PARENTCATEGORYID, RELATION, PICURL, STATISTIC)
values ('7045', '卡通', '卡通', 0, 0, '100000054', 0, '2009-04-06 15:50:18', 1, '100000009', 'O', null, null);
insert into T_R_CATEGORY (ID, NAME, DESCS, SORTID, CTYPE, CATEGORYID, DELFLAG, CHANGEDATE, STATE, PARENTCATEGORYID, RELATION, PICURL, STATISTIC)
values ('7049', '汽车', '汽车', 0, 0, '100000058', 0, '2009-04-06 15:50:49', 1, '100000009', 'O', null, null);
insert into T_R_CATEGORY (ID, NAME, DESCS, SORTID, CTYPE, CATEGORYID, DELFLAG, CHANGEDATE, STATE, PARENTCATEGORYID, RELATION, PICURL, STATISTIC)
values ('7051', '风景', '风景', 0, 0, '100000060', 0, '2009-04-06 15:51:05', 1, '100000009', 'O', null, null);
insert into T_R_CATEGORY (ID, NAME, DESCS, SORTID, CTYPE, CATEGORYID, DELFLAG, CHANGEDATE, STATE, PARENTCATEGORYID, RELATION, PICURL, STATISTIC)
values ('24436871', '建筑', '建筑', 0, 0, '100002340', 0, '2010-06-16 14:51:45', 1, '100000009', 'O', null, null);
insert into T_R_CATEGORY (ID, NAME, DESCS, SORTID, CTYPE, CATEGORYID, DELFLAG, CHANGEDATE, STATE, PARENTCATEGORYID, RELATION, PICURL, STATISTIC)
values ('24436873', '植物', '植物', 0, 0, '100002342', 0, '2010-06-16 14:51:56', 1, '100000009', 'O', null, null);
insert into T_R_CATEGORY (ID, NAME, DESCS, SORTID, CTYPE, CATEGORYID, DELFLAG, CHANGEDATE, STATE, PARENTCATEGORYID, RELATION, PICURL, STATISTIC)
values ('24436877', '军事', '军事', 0, 0, '100002346', 0, '2010-06-16 14:53:02', 1, '100000009', 'O', null, null);
insert into T_R_CATEGORY (ID, NAME, DESCS, SORTID, CTYPE, CATEGORYID, DELFLAG, CHANGEDATE, STATE, PARENTCATEGORYID, RELATION, PICURL, STATISTIC)
values ('24436880', '搞笑', '搞笑', 0, 0, '100002349', 0, '2010-06-16 14:54:04', 1, '100000009', 'O', null, null);
insert into T_R_CATEGORY (ID, NAME, DESCS, SORTID, CTYPE, CATEGORYID, DELFLAG, CHANGEDATE, STATE, PARENTCATEGORYID, RELATION, PICURL, STATISTIC)
values ('24436883', '色彩', '色彩', 0, 0, '100002352', 0, '2010-06-16 14:54:27', 1, '100000009', 'O', null, null);
insert into T_R_CATEGORY (ID, NAME, DESCS, SORTID, CTYPE, CATEGORYID, DELFLAG, CHANGEDATE, STATE, PARENTCATEGORYID, RELATION, PICURL, STATISTIC)
values ('24436890', '创意', '创意', 0, 0, '100002359', 0, '2010-06-16 14:55:16', 1, '100000009', 'O', null, null);
insert into T_R_CATEGORY (ID, NAME, DESCS, SORTID, CTYPE, CATEGORYID, DELFLAG, CHANGEDATE, STATE, PARENTCATEGORYID, RELATION, PICURL, STATISTIC)
values ('24436892', '插画', '插画', 0, 0, '100002361', 0, '2010-06-16 14:55:36', 1, '100000009', 'O', null, null);
insert into T_R_CATEGORY (ID, NAME, DESCS, SORTID, CTYPE, CATEGORYID, DELFLAG, CHANGEDATE, STATE, PARENTCATEGORYID, RELATION, PICURL, STATISTIC)
values ('2003', '手机游戏', '终端应用频道子频道－手机游戏', 0, 1, '100000010', 0, '2009-04-05 15:53:56', 1, '100000007', 'O', null, null);
insert into T_R_CATEGORY (ID, NAME, DESCS, SORTID, CTYPE, CATEGORYID, DELFLAG, CHANGEDATE, STATE, PARENTCATEGORYID, RELATION, PICURL, STATISTIC)
values ('7015', '策略', '策略', 0, 0, '100000024', 0, '2009-04-06 15:40:35', 1, '100000010', 'O', null, 0);
insert into T_R_CATEGORY (ID, NAME, DESCS, SORTID, CTYPE, CATEGORYID, DELFLAG, CHANGEDATE, STATE, PARENTCATEGORYID, RELATION, PICURL, STATISTIC)
values ('7017', '冒险', '冒险', 0, 0, '100000026', 0, '2009-04-06 15:41:08', 1, '100000010', 'O', null, 0);
insert into T_R_CATEGORY (ID, NAME, DESCS, SORTID, CTYPE, CATEGORYID, DELFLAG, CHANGEDATE, STATE, PARENTCATEGORYID, RELATION, PICURL, STATISTIC)
values ('7019', '休闲', '休闲', 0, 0, '100000028', 0, '2009-04-06 15:41:32', 1, '100000010', 'O', null, 0);
insert into T_R_CATEGORY (ID, NAME, DESCS, SORTID, CTYPE, CATEGORYID, DELFLAG, CHANGEDATE, STATE, PARENTCATEGORYID, RELATION, PICURL, STATISTIC)
values ('7021', '角色', '角色', 0, 0, '100000030', 0, '2009-04-06 15:42:02', 1, '100000010', 'O', null, 0);
insert into T_R_CATEGORY (ID, NAME, DESCS, SORTID, CTYPE, CATEGORYID, DELFLAG, CHANGEDATE, STATE, PARENTCATEGORYID, RELATION, PICURL, STATISTIC)
values ('7023', '动作', '动作', 0, 0, '100000032', 0, '2009-04-06 15:42:17', 1, '100000010', 'O', null, 0);
insert into T_R_CATEGORY (ID, NAME, DESCS, SORTID, CTYPE, CATEGORYID, DELFLAG, CHANGEDATE, STATE, PARENTCATEGORYID, RELATION, PICURL, STATISTIC)
values ('7025', '体育', '体育', 0, 0, '100000034', 0, '2009-04-06 15:47:30', 1, '100000010', 'O', null, 0);
insert into T_R_CATEGORY (ID, NAME, DESCS, SORTID, CTYPE, CATEGORYID, DELFLAG, CHANGEDATE, STATE, PARENTCATEGORYID, RELATION, PICURL, STATISTIC)
values ('7027', '射击', '射击', 0, 0, '100000036', 0, '2009-04-06 15:47:45', 1, '100000010', 'O', null, 0);
insert into T_R_CATEGORY (ID, NAME, DESCS, SORTID, CTYPE, CATEGORYID, DELFLAG, CHANGEDATE, STATE, PARENTCATEGORYID, RELATION, PICURL, STATISTIC)
values ('7053', '益智', '益智', 0, 0, '100000062', 0, '2009-04-06 15:51:26', 1, '100000010', 'O', null, 0);
insert into T_R_CATEGORY (ID, NAME, DESCS, SORTID, CTYPE, CATEGORYID, DELFLAG, CHANGEDATE, STATE, PARENTCATEGORYID, RELATION, PICURL, STATISTIC)
values ('7628', '棋牌', '棋牌', 0, 0, '100000072', 0, '2009-04-20 19:06:45', 1, '100000010', 'O', null, 0);
insert into T_R_CATEGORY (ID, NAME, DESCS, SORTID, CTYPE, CATEGORYID, DELFLAG, CHANGEDATE, STATE, PARENTCATEGORYID, RELATION, PICURL, STATISTIC)
values ('24436844', '格斗', '格斗', 0, 0, '100002313', 0, '2010-06-16 14:47:47', 1, '100000010', 'O', null, null);
insert into T_R_CATEGORY (ID, NAME, DESCS, SORTID, CTYPE, CATEGORYID, DELFLAG, CHANGEDATE, STATE, PARENTCATEGORYID, RELATION, PICURL, STATISTIC)
values ('24436854', '其他', '其他', 0, 0, '100002323', 0, '2010-06-16 14:49:08', 1, '100000010', 'O', null, 0);
insert into T_R_CATEGORY (ID, NAME, DESCS, SORTID, CTYPE, CATEGORYID, DELFLAG, CHANGEDATE, STATE, PARENTCATEGORYID, RELATION, PICURL, STATISTIC)
values ('24436857', '飞行', '飞行', 0, 0, '100002326', 0, '2010-06-16 14:49:36', 1, '100000010', 'O', null, null);
insert into T_R_CATEGORY (ID, NAME, DESCS, SORTID, CTYPE, CATEGORYID, DELFLAG, CHANGEDATE, STATE, PARENTCATEGORYID, RELATION, PICURL, STATISTIC)
values ('24436860', '赛车', '赛车', 0, 0, '100002329', 0, '2010-06-16 14:49:59', 1, '100000010', 'O', null, null);

prompt 新增T_R_CATEGORY数据完毕！共增加45条记录
prompt 新增同步策略。。。。
----同步策略
insert into T_SYNC_TACTIC (ID, CATEGORYID, CONTENTTYPE, UMFLAG, CONTENTTAG, TAGRELATION, APPCATENAME, CRATETIME, LASTUPDATETIME)
values (SEQ_SYNC_TACTIC_ID.nextval, '7006', 'nt:gcontent:appSoftWare', '0', null, 0, '新闻', null, null);
insert into T_SYNC_TACTIC (ID, CATEGORYID, CONTENTTYPE, UMFLAG, CONTENTTAG, TAGRELATION, APPCATENAME, CRATETIME, LASTUPDATETIME)
values (SEQ_SYNC_TACTIC_ID.nextval, '7007', 'nt:gcontent:appSoftWare', '0', null, 0, '工具', null, null);
insert into T_SYNC_TACTIC (ID, CATEGORYID, CONTENTTYPE, UMFLAG, CONTENTTAG, TAGRELATION, APPCATENAME, CRATETIME, LASTUPDATETIME)
values (SEQ_SYNC_TACTIC_ID.nextval, '7009', 'nt:gcontent:appSoftWare', '0', null, 0, '娱乐', null, null);
insert into T_SYNC_TACTIC (ID, CATEGORYID, CONTENTTYPE, UMFLAG, CONTENTTAG, TAGRELATION, APPCATENAME, CRATETIME, LASTUPDATETIME)
values (SEQ_SYNC_TACTIC_ID.nextval, '7011', 'nt:gcontent:appSoftWare', '0', null, 0, '社交', null, null);
insert into T_SYNC_TACTIC (ID, CATEGORYID, CONTENTTYPE, UMFLAG, CONTENTTAG, TAGRELATION, APPCATENAME, CRATETIME, LASTUPDATETIME)
values (SEQ_SYNC_TACTIC_ID.nextval, '7013', 'nt:gcontent:appSoftWare', '0', null, 0, '商务', null, null);
insert into T_SYNC_TACTIC (ID, CATEGORYID, CONTENTTYPE, UMFLAG, CONTENTTAG, TAGRELATION, APPCATENAME, CRATETIME, LASTUPDATETIME)
values (SEQ_SYNC_TACTIC_ID.nextval, '6565767', 'nt:gcontent:appSoftWare', '0', null, 0, '财务', null, null);
insert into T_SYNC_TACTIC (ID, CATEGORYID, CONTENTTYPE, UMFLAG, CONTENTTAG, TAGRELATION, APPCATENAME, CRATETIME, LASTUPDATETIME)
values (SEQ_SYNC_TACTIC_ID.nextval, '6565770', 'nt:gcontent:appSoftWare', '0', null, 0, '书籍', null, null);
insert into T_SYNC_TACTIC (ID, CATEGORYID, CONTENTTYPE, UMFLAG, CONTENTTAG, TAGRELATION, APPCATENAME, CRATETIME, LASTUPDATETIME)
values (SEQ_SYNC_TACTIC_ID.nextval, '55643964', 'nt:gcontent:appSoftWare', '0', null, 0, '动漫', '2010-11-11 17:58:16', '2010-11-11 17:58:16');
insert into T_SYNC_TACTIC (ID, CATEGORYID, CONTENTTYPE, UMFLAG, CONTENTTAG, TAGRELATION, APPCATENAME, CRATETIME, LASTUPDATETIME)
values (SEQ_SYNC_TACTIC_ID.nextval, '24436902', 'nt:gcontent:appSoftWare', '0', null, 0, '生活', null, null);
insert into T_SYNC_TACTIC (ID, CATEGORYID, CONTENTTYPE, UMFLAG, CONTENTTAG, TAGRELATION, APPCATENAME, CRATETIME, LASTUPDATETIME)
values (SEQ_SYNC_TACTIC_ID.nextval, '24436903', 'nt:gcontent:appSoftWare', '0', null, 0, '摄影', null, null);
insert into T_SYNC_TACTIC (ID, CATEGORYID, CONTENTTYPE, UMFLAG, CONTENTTAG, TAGRELATION, APPCATENAME, CRATETIME, LASTUPDATETIME)
values (SEQ_SYNC_TACTIC_ID.nextval, '24436905', 'nt:gcontent:appSoftWare', '0', null, 0, '教育', null, null);
insert into T_SYNC_TACTIC (ID, CATEGORYID, CONTENTTYPE, UMFLAG, CONTENTTAG, TAGRELATION, APPCATENAME, CRATETIME, LASTUPDATETIME)
values (SEQ_SYNC_TACTIC_ID.nextval, '24436909', 'nt:gcontent:appSoftWare', '0', null, 0, '健康', null, null);
insert into T_SYNC_TACTIC (ID, CATEGORYID, CONTENTTYPE, UMFLAG, CONTENTTAG, TAGRELATION, APPCATENAME, CRATETIME, LASTUPDATETIME)
values (SEQ_SYNC_TACTIC_ID.nextval, '24436912', 'nt:gcontent:appSoftWare', '0', null, 0, '视频', null, null);
insert into T_SYNC_TACTIC (ID, CATEGORYID, CONTENTTYPE, UMFLAG, CONTENTTAG, TAGRELATION, APPCATENAME, CRATETIME, LASTUPDATETIME)
values (SEQ_SYNC_TACTIC_ID.nextval, '7029', 'nt:gcontent:appTheme', '0', null, 0, '爱情', null, null);
insert into T_SYNC_TACTIC (ID, CATEGORYID, CONTENTTYPE, UMFLAG, CONTENTTAG, TAGRELATION, APPCATENAME, CRATETIME, LASTUPDATETIME)
values (SEQ_SYNC_TACTIC_ID.nextval, '7031', 'nt:gcontent:appTheme', '0', null, 0, '人物', null, null);
insert into T_SYNC_TACTIC (ID, CATEGORYID, CONTENTTYPE, UMFLAG, CONTENTTAG, TAGRELATION, APPCATENAME, CRATETIME, LASTUPDATETIME)
values (SEQ_SYNC_TACTIC_ID.nextval, '7035', 'nt:gcontent:appTheme', '0', null, 0, '节日', null, null);
insert into T_SYNC_TACTIC (ID, CATEGORYID, CONTENTTYPE, UMFLAG, CONTENTTAG, TAGRELATION, APPCATENAME, CRATETIME, LASTUPDATETIME)
values (SEQ_SYNC_TACTIC_ID.nextval, '7041', 'nt:gcontent:appTheme', '0', null, 0, '体育', null, null);
insert into T_SYNC_TACTIC (ID, CATEGORYID, CONTENTTYPE, UMFLAG, CONTENTTAG, TAGRELATION, APPCATENAME, CRATETIME, LASTUPDATETIME)
values (SEQ_SYNC_TACTIC_ID.nextval, '7043', 'nt:gcontent:appTheme', '0', null, 0, '动物', null, null);
insert into T_SYNC_TACTIC (ID, CATEGORYID, CONTENTTYPE, UMFLAG, CONTENTTAG, TAGRELATION, APPCATENAME, CRATETIME, LASTUPDATETIME)
values (SEQ_SYNC_TACTIC_ID.nextval, '7045', 'nt:gcontent:appTheme', '0', null, 0, '卡通', null, null);
insert into T_SYNC_TACTIC (ID, CATEGORYID, CONTENTTYPE, UMFLAG, CONTENTTAG, TAGRELATION, APPCATENAME, CRATETIME, LASTUPDATETIME)
values (SEQ_SYNC_TACTIC_ID.nextval, '7049', 'nt:gcontent:appTheme', '0', null, 0, '汽车', null, null);
insert into T_SYNC_TACTIC (ID, CATEGORYID, CONTENTTYPE, UMFLAG, CONTENTTAG, TAGRELATION, APPCATENAME, CRATETIME, LASTUPDATETIME)
values (SEQ_SYNC_TACTIC_ID.nextval, '7051', 'nt:gcontent:appTheme', '0', null, 0, '风景', null, null);
insert into T_SYNC_TACTIC (ID, CATEGORYID, CONTENTTYPE, UMFLAG, CONTENTTAG, TAGRELATION, APPCATENAME, CRATETIME, LASTUPDATETIME)
values (SEQ_SYNC_TACTIC_ID.nextval, '24436871', 'nt:gcontent:appTheme', '0', null, 0, '建筑', null, null);
insert into T_SYNC_TACTIC (ID, CATEGORYID, CONTENTTYPE, UMFLAG, CONTENTTAG, TAGRELATION, APPCATENAME, CRATETIME, LASTUPDATETIME)
values (SEQ_SYNC_TACTIC_ID.nextval, '24436873', 'nt:gcontent:appTheme', '0', null, 0, '植物', null, null);
insert into T_SYNC_TACTIC (ID, CATEGORYID, CONTENTTYPE, UMFLAG, CONTENTTAG, TAGRELATION, APPCATENAME, CRATETIME, LASTUPDATETIME)
values (SEQ_SYNC_TACTIC_ID.nextval, '24436877', 'nt:gcontent:appTheme', '0', null, 0, '军事', null, null);
insert into T_SYNC_TACTIC (ID, CATEGORYID, CONTENTTYPE, UMFLAG, CONTENTTAG, TAGRELATION, APPCATENAME, CRATETIME, LASTUPDATETIME)
values (SEQ_SYNC_TACTIC_ID.nextval, '24436880', 'nt:gcontent:appTheme', '0', null, 0, '搞笑', null, null);
insert into T_SYNC_TACTIC (ID, CATEGORYID, CONTENTTYPE, UMFLAG, CONTENTTAG, TAGRELATION, APPCATENAME, CRATETIME, LASTUPDATETIME)
values (SEQ_SYNC_TACTIC_ID.nextval, '24436883', 'nt:gcontent:appTheme', '0', null, 0, '色彩', null, null);
insert into T_SYNC_TACTIC (ID, CATEGORYID, CONTENTTYPE, UMFLAG, CONTENTTAG, TAGRELATION, APPCATENAME, CRATETIME, LASTUPDATETIME)
values (SEQ_SYNC_TACTIC_ID.nextval, '24436890', 'nt:gcontent:appTheme', '0', null, 0, '创意', null, null);
insert into T_SYNC_TACTIC (ID, CATEGORYID, CONTENTTYPE, UMFLAG, CONTENTTAG, TAGRELATION, APPCATENAME, CRATETIME, LASTUPDATETIME)
values (SEQ_SYNC_TACTIC_ID.nextval, '24436892', 'nt:gcontent:appTheme', '0', null, 0, '插画', null, null);
insert into T_SYNC_TACTIC (ID, CATEGORYID, CONTENTTYPE, UMFLAG, CONTENTTAG, TAGRELATION, APPCATENAME, CRATETIME, LASTUPDATETIME)
values (SEQ_SYNC_TACTIC_ID.nextval, '7015', 'nt:gcontent:appGame', '0', null, 0, '策略', null, null);
insert into T_SYNC_TACTIC (ID, CATEGORYID, CONTENTTYPE, UMFLAG, CONTENTTAG, TAGRELATION, APPCATENAME, CRATETIME, LASTUPDATETIME)
values (SEQ_SYNC_TACTIC_ID.nextval, '7017', 'nt:gcontent:appGame', '0', null, 0, '冒险', null, null);
insert into T_SYNC_TACTIC (ID, CATEGORYID, CONTENTTYPE, UMFLAG, CONTENTTAG, TAGRELATION, APPCATENAME, CRATETIME, LASTUPDATETIME)
values (SEQ_SYNC_TACTIC_ID.nextval, '7019', 'nt:gcontent:appGame', '0', null, 0, '休闲', null, null);
insert into T_SYNC_TACTIC (ID, CATEGORYID, CONTENTTYPE, UMFLAG, CONTENTTAG, TAGRELATION, APPCATENAME, CRATETIME, LASTUPDATETIME)
values (SEQ_SYNC_TACTIC_ID.nextval, '7021', 'nt:gcontent:appGame', '0', null, 0, '角色', null, null);
insert into T_SYNC_TACTIC (ID, CATEGORYID, CONTENTTYPE, UMFLAG, CONTENTTAG, TAGRELATION, APPCATENAME, CRATETIME, LASTUPDATETIME)
values (SEQ_SYNC_TACTIC_ID.nextval, '7023', 'nt:gcontent:appGame', '0', null, 0, '动作', null, null);
insert into T_SYNC_TACTIC (ID, CATEGORYID, CONTENTTYPE, UMFLAG, CONTENTTAG, TAGRELATION, APPCATENAME, CRATETIME, LASTUPDATETIME)
values (SEQ_SYNC_TACTIC_ID.nextval, '7025', 'nt:gcontent:appGame', '0', null, 0, '体育', null, null);
insert into T_SYNC_TACTIC (ID, CATEGORYID, CONTENTTYPE, UMFLAG, CONTENTTAG, TAGRELATION, APPCATENAME, CRATETIME, LASTUPDATETIME)
values (SEQ_SYNC_TACTIC_ID.nextval, '7027', 'nt:gcontent:appGame', '0', null, 0, '射击', null, null);
insert into T_SYNC_TACTIC (ID, CATEGORYID, CONTENTTYPE, UMFLAG, CONTENTTAG, TAGRELATION, APPCATENAME, CRATETIME, LASTUPDATETIME)
values (SEQ_SYNC_TACTIC_ID.nextval, '7053', 'nt:gcontent:appGame', '0', null, 0, '益智', null, null);
insert into T_SYNC_TACTIC (ID, CATEGORYID, CONTENTTYPE, UMFLAG, CONTENTTAG, TAGRELATION, APPCATENAME, CRATETIME, LASTUPDATETIME)
values (SEQ_SYNC_TACTIC_ID.nextval, '7628', 'nt:gcontent:appGame', '0', null, 0, '棋牌', null, null);
insert into T_SYNC_TACTIC (ID, CATEGORYID, CONTENTTYPE, UMFLAG, CONTENTTAG, TAGRELATION, APPCATENAME, CRATETIME, LASTUPDATETIME)
values (SEQ_SYNC_TACTIC_ID.nextval, '24436844', 'nt:gcontent:appGame', '0', null, 0, '格斗', null, null);
insert into T_SYNC_TACTIC (ID, CATEGORYID, CONTENTTYPE, UMFLAG, CONTENTTAG, TAGRELATION, APPCATENAME, CRATETIME, LASTUPDATETIME)
values (SEQ_SYNC_TACTIC_ID.nextval, '24436854', 'nt:gcontent:appGame', '0', null, 0, '其他', null, null);
insert into T_SYNC_TACTIC (ID, CATEGORYID, CONTENTTYPE, UMFLAG, CONTENTTAG, TAGRELATION, APPCATENAME, CRATETIME, LASTUPDATETIME)
values (SEQ_SYNC_TACTIC_ID.nextval, '24436857', 'nt:gcontent:appGame', '0', null, 0, '飞行', null, null);
insert into T_SYNC_TACTIC (ID, CATEGORYID, CONTENTTYPE, UMFLAG, CONTENTTAG, TAGRELATION, APPCATENAME, CRATETIME, LASTUPDATETIME)
values (SEQ_SYNC_TACTIC_ID.nextval, '24436860', 'nt:gcontent:appGame', '0', null, 0, '赛车', null, null);
prompt 新增同步策略完毕。
commit;