insert into T_R_BASE (ID, PARENTID, PATH, TYPE)
values ('18830897', '7769926', '{100}.{701}.{1020}.{7769926}.{18830897}', 'nt:category');
insert into T_R_BASE (ID, PARENTID, PATH, TYPE)
values ('18830898', '7769926', '{100}.{701}.{1020}.{7769926}.{18830898}', 'nt:category');
insert into T_R_BASE (ID, PARENTID, PATH, TYPE)
values ('18830901', '7769927', '{100}.{701}.{1020}.{7769927}.{18830901}', 'nt:category');
insert into T_R_BASE (ID, PARENTID, PATH, TYPE)
values ('18830902', '7769927', '{100}.{701}.{1020}.{7769927}.{18830902}', 'nt:category');
insert into T_R_BASE (ID, PARENTID, PATH, TYPE)
values ('18830903', '7769927', '{100}.{701}.{1020}.{7769927}.{18830903}', 'nt:category');
insert into T_R_BASE (ID, PARENTID, PATH, TYPE)
values ('18830904', '7769927', '{100}.{701}.{1020}.{7769927}.{18830904}', 'nt:category');
insert into T_R_BASE (ID, PARENTID, PATH, TYPE)
values ('18830905', '7769927', '{100}.{701}.{1020}.{7769927}.{18830905}', 'nt:category');
insert into T_R_BASE (ID, PARENTID, PATH, TYPE)
values ('18830906', '7769927', '{100}.{701}.{1020}.{7769927}.{18830906}', 'nt:category');
insert into T_R_BASE (ID, PARENTID, PATH, TYPE)
values ('18830907', '7769927', '{100}.{701}.{1020}.{7769927}.{18830907}', 'nt:category');
insert into T_R_BASE (ID, PARENTID, PATH, TYPE)
values ('18830908', '7769927', '{100}.{701}.{1020}.{7769927}.{18830908}', 'nt:category');
insert into T_R_BASE (ID, PARENTID, PATH, TYPE)
values ('18830909', '7769927', '{100}.{701}.{1020}.{7769927}.{18830909}', 'nt:category');
insert into T_R_BASE (ID, PARENTID, PATH, TYPE)
values ('18830910', '7769928', '{100}.{701}.{1020}.{7769928}.{18830910}', 'nt:category');
insert into T_R_BASE (ID, PARENTID, PATH, TYPE)
values ('18830911', '7769928', '{100}.{701}.{1020}.{7769928}.{18830911}', 'nt:category');
insert into T_R_BASE (ID, PARENTID, PATH, TYPE)
values ('18830912', '7769928', '{100}.{701}.{1020}.{7769928}.{18830912}', 'nt:category');
insert into T_R_BASE (ID, PARENTID, PATH, TYPE)
values ('18830913', '7769928', '{100}.{701}.{1020}.{7769928}.{18830913}', 'nt:category');
insert into T_R_BASE (ID, PARENTID, PATH, TYPE)
values ('18830915', '7769928', '{100}.{701}.{1020}.{7769928}.{18830915}', 'nt:category');
insert into T_R_BASE (ID, PARENTID, PATH, TYPE)
values ('18830917', '7769928', '{100}.{701}.{1020}.{7769928}.{18830917}', 'nt:category');
insert into T_R_BASE (ID, PARENTID, PATH, TYPE)
values ('18830918', '7769928', '{100}.{701}.{1020}.{7769928}.{18830918}', 'nt:category');
insert into T_R_BASE (ID, PARENTID, PATH, TYPE)
values ('18830919', '7769928', '{100}.{701}.{1020}.{7769928}.{18830919}', 'nt:category');
insert into T_R_BASE (ID, PARENTID, PATH, TYPE)
values ('24436855', '7769926', '{100}.{701}.{1020}.{7769926}.{24436855}', 'nt:category');
insert into T_R_BASE (ID, PARENTID, PATH, TYPE)
values ('24436856', '7769926', '{100}.{701}.{1020}.{7769926}.{24436856}', 'nt:category');
insert into T_R_BASE (ID, PARENTID, PATH, TYPE)
values ('24436858', '7769926', '{100}.{701}.{1020}.{7769926}.{24436858}', 'nt:category');
insert into T_R_BASE (ID, PARENTID, PATH, TYPE)
values ('24436859', '7769926', '{100}.{701}.{1020}.{7769926}.{24436859}', 'nt:category');
insert into T_R_BASE (ID, PARENTID, PATH, TYPE)
values ('24436864', '7769926', '{100}.{701}.{1020}.{7769926}.{24436864}', 'nt:category');
insert into T_R_BASE (ID, PARENTID, PATH, TYPE)
values ('24436866', '7769926', '{100}.{701}.{1020}.{7769926}.{24436866}', 'nt:category');
insert into T_R_BASE (ID, PARENTID, PATH, TYPE)
values ('24436868', '7769926', '{100}.{701}.{1020}.{7769926}.{24436868}', 'nt:category');
insert into T_R_BASE (ID, PARENTID, PATH, TYPE)
values ('24436869', '7769926', '{100}.{701}.{1020}.{7769926}.{24436869}', 'nt:category');
insert into T_R_BASE (ID, PARENTID, PATH, TYPE)
values ('24436870', '7769926', '{100}.{701}.{1020}.{7769926}.{24436870}', 'nt:category');
insert into T_R_BASE (ID, PARENTID, PATH, TYPE)
values ('24436872', '7769926', '{100}.{701}.{1020}.{7769926}.{24436872}', 'nt:category');
insert into T_R_BASE (ID, PARENTID, PATH, TYPE)
values ('24436876', '7769927', '{100}.{701}.{1020}.{7769927}.{24436876}', 'nt:category');
insert into T_R_BASE (ID, PARENTID, PATH, TYPE)
values ('24436878', '7769927', '{100}.{701}.{1020}.{7769927}.{24436878}', 'nt:category');
insert into T_R_BASE (ID, PARENTID, PATH, TYPE)
values ('24436879', '7769927', '{100}.{701}.{1020}.{7769927}.{24436879}', 'nt:category');
insert into T_R_BASE (ID, PARENTID, PATH, TYPE)
values ('24436891', '7769927', '{100}.{701}.{1020}.{7769927}.{24436891}', 'nt:category');
insert into T_R_BASE (ID, PARENTID, PATH, TYPE)
values ('24436910', '7769928', '{100}.{701}.{1020}.{7769928}.{24436910}', 'nt:category');
insert into T_R_BASE (ID, PARENTID, PATH, TYPE)
values ('24436913', '7769928', '{100}.{701}.{1020}.{7769928}.{24436913}', 'nt:category');
insert into T_R_BASE (ID, PARENTID, PATH, TYPE)
values ('24436918', '7769928', '{100}.{701}.{1020}.{7769928}.{24436918}', 'nt:category');
insert into T_R_BASE (ID, PARENTID, PATH, TYPE)
values ('24436919', '7769928', '{100}.{701}.{1020}.{7769928}.{24436919}', 'nt:category');
insert into T_R_BASE (ID, PARENTID, PATH, TYPE)
values ('24436924', '7769928', '{100}.{701}.{1020}.{7769928}.{24436924}', 'nt:category');
insert into T_R_BASE (ID, PARENTID, PATH, TYPE)
values ('24436925', '7769928', '{100}.{701}.{1020}.{7769928}.{24436925}', 'nt:category');
insert into T_R_BASE (ID, PARENTID, PATH, TYPE)
values ('24436926', '7769928', '{100}.{701}.{1020}.{7769928}.{24436926}', 'nt:category');
insert into T_R_BASE (ID, PARENTID, PATH, TYPE)
values ('56685109', '7769926', '{100}.{701}.{1020}.{7769926}.{56685109}', 'nt:category');
insert into T_R_BASE (ID, PARENTID, PATH, TYPE)
values ('7769926', '1020', '{100}.{701}.{1020}.{7769926}', 'nt:category');
insert into T_R_BASE (ID, PARENTID, PATH, TYPE)
values ('7769927', '1020', '{100}.{701}.{1020}.{7769927}', 'nt:category');
insert into T_R_BASE (ID, PARENTID, PATH, TYPE)
values ('7769928', '1020', '{100}.{701}.{1020}.{7769928}', 'nt:category');

insert into T_R_CATEGORY (ID, NAME, DESCS, SORTID, CTYPE, CATEGORYID, DELFLAG, CHANGEDATE, STATE, PARENTCATEGORYID, RELATION, PICURL, STATISTIC)
values ('7769926', '软件', '软件', 0, 0, '100001195', 0, '2010-03-23 18:59:35', 1, '100000796', 'A', null, null);
insert into T_R_CATEGORY (ID, NAME, DESCS, SORTID, CTYPE, CATEGORYID, DELFLAG, CHANGEDATE, STATE, PARENTCATEGORYID, RELATION, PICURL, STATISTIC)
values ('56685109', '动漫', '动漫', 0, 0, '100002825', 0, '2010-11-15 08:55:23', 1, '100001195', 'A', null, null);
insert into T_R_CATEGORY (ID, NAME, DESCS, SORTID, CTYPE, CATEGORYID, DELFLAG, CHANGEDATE, STATE, PARENTCATEGORYID, RELATION, PICURL, STATISTIC)
values ('24436855', '生活', '生活', 0, 0, '100002324', 0, '2010-06-16 14:49:22', 1, '100001195', 'A', null, null);
insert into T_R_CATEGORY (ID, NAME, DESCS, SORTID, CTYPE, CATEGORYID, DELFLAG, CHANGEDATE, STATE, PARENTCATEGORYID, RELATION, PICURL, STATISTIC)
values ('24436856', '摄影', '摄影', 0, 0, '100002325', 0, '2010-06-16 14:49:32', 1, '100001195', 'A', null, null);
insert into T_R_CATEGORY (ID, NAME, DESCS, SORTID, CTYPE, CATEGORYID, DELFLAG, CHANGEDATE, STATE, PARENTCATEGORYID, RELATION, PICURL, STATISTIC)
values ('24436858', '教育', '教育', 0, 0, '100002327', 0, '2010-06-16 14:49:44', 1, '100001195', 'A', null, null);
insert into T_R_CATEGORY (ID, NAME, DESCS, SORTID, CTYPE, CATEGORYID, DELFLAG, CHANGEDATE, STATE, PARENTCATEGORYID, RELATION, PICURL, STATISTIC)
values ('24436859', '书籍', '书籍', 0, 0, '100002328', 0, '2010-06-16 14:49:57', 1, '100001195', 'A', null, null);
insert into T_R_CATEGORY (ID, NAME, DESCS, SORTID, CTYPE, CATEGORYID, DELFLAG, CHANGEDATE, STATE, PARENTCATEGORYID, RELATION, PICURL, STATISTIC)
values ('24436864', '健康', '健康', 0, 0, '100002333', 0, '2010-06-16 14:50:33', 1, '100001195', 'A', null, null);
insert into T_R_CATEGORY (ID, NAME, DESCS, SORTID, CTYPE, CATEGORYID, DELFLAG, CHANGEDATE, STATE, PARENTCATEGORYID, RELATION, PICURL, STATISTIC)
values ('24436866', '视频', '视频', 0, 0, '100002335', 0, '2010-06-16 14:50:55', 1, '100001195', 'A', null, null);
insert into T_R_CATEGORY (ID, NAME, DESCS, SORTID, CTYPE, CATEGORYID, DELFLAG, CHANGEDATE, STATE, PARENTCATEGORYID, RELATION, PICURL, STATISTIC)
values ('24436868', '社交', '社交', 0, 0, '100002337', 0, '2010-06-16 14:51:19', 1, '100001195', 'A', null, null);
insert into T_R_CATEGORY (ID, NAME, DESCS, SORTID, CTYPE, CATEGORYID, DELFLAG, CHANGEDATE, STATE, PARENTCATEGORYID, RELATION, PICURL, STATISTIC)
values ('24436869', '工具', '工具', 0, 0, '100002338', 0, '2010-06-16 14:51:29', 1, '100001195', 'A', null, null);
insert into T_R_CATEGORY (ID, NAME, DESCS, SORTID, CTYPE, CATEGORYID, DELFLAG, CHANGEDATE, STATE, PARENTCATEGORYID, RELATION, PICURL, STATISTIC)
values ('24436870', '商务', '商务', 0, 0, '100002339', 0, '2010-06-16 14:51:39', 1, '100001195', 'A', null, null);
insert into T_R_CATEGORY (ID, NAME, DESCS, SORTID, CTYPE, CATEGORYID, DELFLAG, CHANGEDATE, STATE, PARENTCATEGORYID, RELATION, PICURL, STATISTIC)
values ('24436872', '娱乐', '娱乐', 0, 0, '100002341', 0, '2010-06-16 14:51:50', 1, '100001195', 'A', null, null);
insert into T_R_CATEGORY (ID, NAME, DESCS, SORTID, CTYPE, CATEGORYID, DELFLAG, CHANGEDATE, STATE, PARENTCATEGORYID, RELATION, PICURL, STATISTIC)
values ('18830897', '新闻', '新闻', 0, 0, '100002220', 0, '2010-05-18 16:39:39', 1, '100001195', 'A', null, 0);
insert into T_R_CATEGORY (ID, NAME, DESCS, SORTID, CTYPE, CATEGORYID, DELFLAG, CHANGEDATE, STATE, PARENTCATEGORYID, RELATION, PICURL, STATISTIC)
values ('18830898', '财务', '财务', 0, 0, '100002221', 0, '2010-05-18 16:39:47', 1, '100001195', 'A', null, 0);
insert into T_R_CATEGORY (ID, NAME, DESCS, SORTID, CTYPE, CATEGORYID, DELFLAG, CHANGEDATE, STATE, PARENTCATEGORYID, RELATION, PICURL, STATISTIC)
values ('7769927', '游戏', '游戏', 0, 0, '100001196', 0, '2010-03-23 18:59:43', 1, '100000796', 'A', null, null);
insert into T_R_CATEGORY (ID, NAME, DESCS, SORTID, CTYPE, CATEGORYID, DELFLAG, CHANGEDATE, STATE, PARENTCATEGORYID, RELATION, PICURL, STATISTIC)
values ('24436876', '格斗', '格斗', 0, 0, '100002345', 0, '2010-06-16 14:52:58', 1, '100001196', 'A', null, null);
insert into T_R_CATEGORY (ID, NAME, DESCS, SORTID, CTYPE, CATEGORYID, DELFLAG, CHANGEDATE, STATE, PARENTCATEGORYID, RELATION, PICURL, STATISTIC)
values ('24436878', '赛车', '赛车', 0, 0, '100002347', 0, '2010-06-16 14:53:21', 1, '100001196', 'A', null, null);
insert into T_R_CATEGORY (ID, NAME, DESCS, SORTID, CTYPE, CATEGORYID, DELFLAG, CHANGEDATE, STATE, PARENTCATEGORYID, RELATION, PICURL, STATISTIC)
values ('24436879', '飞行', '飞行', 0, 0, '100002348', 0, '2010-06-16 14:53:49', 1, '100001196', 'A', null, null);
insert into T_R_CATEGORY (ID, NAME, DESCS, SORTID, CTYPE, CATEGORYID, DELFLAG, CHANGEDATE, STATE, PARENTCATEGORYID, RELATION, PICURL, STATISTIC)
values ('24436891', '益智', '益智', 0, 0, '100002360', 0, '2010-06-16 14:55:23', 1, '100001196', 'A', null, null);
insert into T_R_CATEGORY (ID, NAME, DESCS, SORTID, CTYPE, CATEGORYID, DELFLAG, CHANGEDATE, STATE, PARENTCATEGORYID, RELATION, PICURL, STATISTIC)
values ('18830901', '策略', '策略', 0, 0, '100002224', 0, '2010-05-18 16:41:01', 1, '100001196', 'A', null, 0);
insert into T_R_CATEGORY (ID, NAME, DESCS, SORTID, CTYPE, CATEGORYID, DELFLAG, CHANGEDATE, STATE, PARENTCATEGORYID, RELATION, PICURL, STATISTIC)
values ('18830902', '动作', '动作', 0, 0, '100002225', 0, '2010-05-18 16:41:12', 1, '100001196', 'A', null, 0);
insert into T_R_CATEGORY (ID, NAME, DESCS, SORTID, CTYPE, CATEGORYID, DELFLAG, CHANGEDATE, STATE, PARENTCATEGORYID, RELATION, PICURL, STATISTIC)
values ('18830903', '角色', '角色', 0, 0, '100002226', 0, '2010-05-18 16:41:20', 1, '100001196', 'A', null, 0);
insert into T_R_CATEGORY (ID, NAME, DESCS, SORTID, CTYPE, CATEGORYID, DELFLAG, CHANGEDATE, STATE, PARENTCATEGORYID, RELATION, PICURL, STATISTIC)
values ('18830904', '冒险', '冒险', 0, 0, '100002227', 0, '2010-05-18 16:41:31', 1, '100001196', 'A', null, 0);
insert into T_R_CATEGORY (ID, NAME, DESCS, SORTID, CTYPE, CATEGORYID, DELFLAG, CHANGEDATE, STATE, PARENTCATEGORYID, RELATION, PICURL, STATISTIC)
values ('18830905', '其他', '其他', 0, 0, '100002228', 0, '2010-05-18 16:41:42', 1, '100001196', 'A', null, null);
insert into T_R_CATEGORY (ID, NAME, DESCS, SORTID, CTYPE, CATEGORYID, DELFLAG, CHANGEDATE, STATE, PARENTCATEGORYID, RELATION, PICURL, STATISTIC)
values ('18830906', '棋牌', '棋牌', 0, 0, '100002229', 0, '2010-05-18 16:41:52', 1, '100001196', 'A', null, 0);
insert into T_R_CATEGORY (ID, NAME, DESCS, SORTID, CTYPE, CATEGORYID, DELFLAG, CHANGEDATE, STATE, PARENTCATEGORYID, RELATION, PICURL, STATISTIC)
values ('18830907', '射击', '射击', 0, 0, '100002230', 0, '2010-05-18 16:42:00', 1, '100001196', 'A', null, 0);
insert into T_R_CATEGORY (ID, NAME, DESCS, SORTID, CTYPE, CATEGORYID, DELFLAG, CHANGEDATE, STATE, PARENTCATEGORYID, RELATION, PICURL, STATISTIC)
values ('18830908', '体育', '体育', 0, 0, '100002231', 0, '2010-05-18 16:42:09', 1, '100001196', 'A', null, 0);
insert into T_R_CATEGORY (ID, NAME, DESCS, SORTID, CTYPE, CATEGORYID, DELFLAG, CHANGEDATE, STATE, PARENTCATEGORYID, RELATION, PICURL, STATISTIC)
values ('18830909', '休闲', '休闲', 0, 0, '100002232', 0, '2010-05-18 16:42:18', 1, '100001196', 'A', null, 0);
insert into T_R_CATEGORY (ID, NAME, DESCS, SORTID, CTYPE, CATEGORYID, DELFLAG, CHANGEDATE, STATE, PARENTCATEGORYID, RELATION, PICURL, STATISTIC)
values ('7769928', '主题', '主题', 0, 0, '100001197', 0, '2010-03-23 18:59:52', 1, '100000796', 'A', null, null);
insert into T_R_CATEGORY (ID, NAME, DESCS, SORTID, CTYPE, CATEGORYID, DELFLAG, CHANGEDATE, STATE, PARENTCATEGORYID, RELATION, PICURL, STATISTIC)
values ('24436910', '搞笑', '搞笑', 0, 0, '100002379', 0, '2010-06-16 15:04:19', 1, '100001197', 'A', null, null);
insert into T_R_CATEGORY (ID, NAME, DESCS, SORTID, CTYPE, CATEGORYID, DELFLAG, CHANGEDATE, STATE, PARENTCATEGORYID, RELATION, PICURL, STATISTIC)
values ('24436913', '色彩', '色彩', 0, 0, '100002382', 0, '2010-06-16 15:04:41', 1, '100001197', 'A', null, null);
insert into T_R_CATEGORY (ID, NAME, DESCS, SORTID, CTYPE, CATEGORYID, DELFLAG, CHANGEDATE, STATE, PARENTCATEGORYID, RELATION, PICURL, STATISTIC)
values ('24436918', '创意', '创意', 0, 0, '100002387', 0, '2010-06-16 15:05:22', 1, '100001197', 'A', null, null);
insert into T_R_CATEGORY (ID, NAME, DESCS, SORTID, CTYPE, CATEGORYID, DELFLAG, CHANGEDATE, STATE, PARENTCATEGORYID, RELATION, PICURL, STATISTIC)
values ('24436919', '插画', '插画', 0, 0, '100002388', 0, '2010-06-16 15:05:36', 1, '100001197', 'A', null, null);
insert into T_R_CATEGORY (ID, NAME, DESCS, SORTID, CTYPE, CATEGORYID, DELFLAG, CHANGEDATE, STATE, PARENTCATEGORYID, RELATION, PICURL, STATISTIC)
values ('24436924', '军事', '军事', 0, 0, '100002393', 0, '2010-06-16 15:06:27', 1, '100001197', 'A', null, null);
insert into T_R_CATEGORY (ID, NAME, DESCS, SORTID, CTYPE, CATEGORYID, DELFLAG, CHANGEDATE, STATE, PARENTCATEGORYID, RELATION, PICURL, STATISTIC)
values ('24436925', '建筑', '建筑', 0, 0, '100002394', 0, '2010-06-16 15:06:41', 1, '100001197', 'A', null, null);
insert into T_R_CATEGORY (ID, NAME, DESCS, SORTID, CTYPE, CATEGORYID, DELFLAG, CHANGEDATE, STATE, PARENTCATEGORYID, RELATION, PICURL, STATISTIC)
values ('24436926', '植物', '植物', 0, 0, '100002395', 0, '2010-06-16 15:06:50', 1, '100001197', 'A', null, null);
insert into T_R_CATEGORY (ID, NAME, DESCS, SORTID, CTYPE, CATEGORYID, DELFLAG, CHANGEDATE, STATE, PARENTCATEGORYID, RELATION, PICURL, STATISTIC)
values ('18830910', '动物', '动物', 0, 0, '100002233', 0, '2010-05-18 16:42:49', 1, '100001197', 'A', null, null);
insert into T_R_CATEGORY (ID, NAME, DESCS, SORTID, CTYPE, CATEGORYID, DELFLAG, CHANGEDATE, STATE, PARENTCATEGORYID, RELATION, PICURL, STATISTIC)
values ('18830911', '风景', '风景', 0, 0, '100002234', 0, '2010-05-18 16:42:59', 1, '100001197', 'A', null, null);
insert into T_R_CATEGORY (ID, NAME, DESCS, SORTID, CTYPE, CATEGORYID, DELFLAG, CHANGEDATE, STATE, PARENTCATEGORYID, RELATION, PICURL, STATISTIC)
values ('18830912', '节日', '节日', 0, 0, '100002235', 0, '2010-05-18 16:43:08', 1, '100001197', 'A', null, null);
insert into T_R_CATEGORY (ID, NAME, DESCS, SORTID, CTYPE, CATEGORYID, DELFLAG, CHANGEDATE, STATE, PARENTCATEGORYID, RELATION, PICURL, STATISTIC)
values ('18830913', '卡通', '卡通', 0, 0, '100002236', 0, '2010-05-18 16:43:19', 1, '100001197', 'A', null, null);
insert into T_R_CATEGORY (ID, NAME, DESCS, SORTID, CTYPE, CATEGORYID, DELFLAG, CHANGEDATE, STATE, PARENTCATEGORYID, RELATION, PICURL, STATISTIC)
values ('18830915', '爱情', '爱情', 0, 0, '100002238', 0, '2010-05-18 16:43:45', 1, '100001197', 'A', null, 0);
insert into T_R_CATEGORY (ID, NAME, DESCS, SORTID, CTYPE, CATEGORYID, DELFLAG, CHANGEDATE, STATE, PARENTCATEGORYID, RELATION, PICURL, STATISTIC)
values ('18830917', '汽车', '汽车', 0, 0, '100002240', 0, '2010-05-18 16:44:06', 1, '100001197', 'A', null, null);
insert into T_R_CATEGORY (ID, NAME, DESCS, SORTID, CTYPE, CATEGORYID, DELFLAG, CHANGEDATE, STATE, PARENTCATEGORYID, RELATION, PICURL, STATISTIC)
values ('18830918', '人物', '人物', 0, 0, '100002241', 0, '2010-05-18 16:44:15', 1, '100001197', 'A', null, null);
insert into T_R_CATEGORY (ID, NAME, DESCS, SORTID, CTYPE, CATEGORYID, DELFLAG, CHANGEDATE, STATE, PARENTCATEGORYID, RELATION, PICURL, STATISTIC)
values ('18830919', '体育', '体育', 0, 0, '100002242', 0, '2010-05-18 16:44:27', 1, '100001197', 'A', null, null);

----同步策略
insert into T_SYNC_TACTIC (ID, CATEGORYID, CONTENTTYPE, UMFLAG, CONTENTTAG, TAGRELATION, APPCATENAME, CRATETIME, LASTUPDATETIME)
values (SEQ_SYNC_TACTIC_ID.nextval, '56685109', 'nt:gcontent:appSoftWare', '0', null, 0, '动漫', '2010-11-15 08:55:43', '2010-11-15 08:55:43');
insert into T_SYNC_TACTIC (ID, CATEGORYID, CONTENTTYPE, UMFLAG, CONTENTTAG, TAGRELATION, APPCATENAME, CRATETIME, LASTUPDATETIME)
values (SEQ_SYNC_TACTIC_ID.nextval, '24436855', 'nt:gcontent:appSoftWare', '0', null, 0, '生活', null, null);
insert into T_SYNC_TACTIC (ID, CATEGORYID, CONTENTTYPE, UMFLAG, CONTENTTAG, TAGRELATION, APPCATENAME, CRATETIME, LASTUPDATETIME)
values (SEQ_SYNC_TACTIC_ID.nextval, '24436856', 'nt:gcontent:appSoftWare', '0', null, 0, '摄影', null, null);
insert into T_SYNC_TACTIC (ID, CATEGORYID, CONTENTTYPE, UMFLAG, CONTENTTAG, TAGRELATION, APPCATENAME, CRATETIME, LASTUPDATETIME)
values (SEQ_SYNC_TACTIC_ID.nextval, '24436858', 'nt:gcontent:appSoftWare', '0', null, 0, '教育', null, null);
insert into T_SYNC_TACTIC (ID, CATEGORYID, CONTENTTYPE, UMFLAG, CONTENTTAG, TAGRELATION, APPCATENAME, CRATETIME, LASTUPDATETIME)
values (SEQ_SYNC_TACTIC_ID.nextval, '24436859', 'nt:gcontent:appSoftWare', '0', null, 0, '书籍', null, null);
insert into T_SYNC_TACTIC (ID, CATEGORYID, CONTENTTYPE, UMFLAG, CONTENTTAG, TAGRELATION, APPCATENAME, CRATETIME, LASTUPDATETIME)
values (SEQ_SYNC_TACTIC_ID.nextval, '24436864', 'nt:gcontent:appSoftWare', '0', null, 0, '健康', null, null);
insert into T_SYNC_TACTIC (ID, CATEGORYID, CONTENTTYPE, UMFLAG, CONTENTTAG, TAGRELATION, APPCATENAME, CRATETIME, LASTUPDATETIME)
values (SEQ_SYNC_TACTIC_ID.nextval, '24436866', 'nt:gcontent:appSoftWare', '0', null, 0, '视频', null, null);
insert into T_SYNC_TACTIC (ID, CATEGORYID, CONTENTTYPE, UMFLAG, CONTENTTAG, TAGRELATION, APPCATENAME, CRATETIME, LASTUPDATETIME)
values (SEQ_SYNC_TACTIC_ID.nextval, '24436868', 'nt:gcontent:appSoftWare', '0', null, 0, '社交', null, null);
insert into T_SYNC_TACTIC (ID, CATEGORYID, CONTENTTYPE, UMFLAG, CONTENTTAG, TAGRELATION, APPCATENAME, CRATETIME, LASTUPDATETIME)
values (SEQ_SYNC_TACTIC_ID.nextval, '24436869', 'nt:gcontent:appSoftWare', '0', null, 0, '工具', null, null);
insert into T_SYNC_TACTIC (ID, CATEGORYID, CONTENTTYPE, UMFLAG, CONTENTTAG, TAGRELATION, APPCATENAME, CRATETIME, LASTUPDATETIME)
values (SEQ_SYNC_TACTIC_ID.nextval, '24436870', 'nt:gcontent:appSoftWare', '0', null, 0, '商务', null, null);
insert into T_SYNC_TACTIC (ID, CATEGORYID, CONTENTTYPE, UMFLAG, CONTENTTAG, TAGRELATION, APPCATENAME, CRATETIME, LASTUPDATETIME)
values (SEQ_SYNC_TACTIC_ID.nextval, '24436872', 'nt:gcontent:appSoftWare', '0', null, 0, '娱乐', null, null);
insert into T_SYNC_TACTIC (ID, CATEGORYID, CONTENTTYPE, UMFLAG, CONTENTTAG, TAGRELATION, APPCATENAME, CRATETIME, LASTUPDATETIME)
values (SEQ_SYNC_TACTIC_ID.nextval, '18830897', 'nt:gcontent:appSoftWare', '0', null, 0, '新闻', null, null);
insert into T_SYNC_TACTIC (ID, CATEGORYID, CONTENTTYPE, UMFLAG, CONTENTTAG, TAGRELATION, APPCATENAME, CRATETIME, LASTUPDATETIME)
values (SEQ_SYNC_TACTIC_ID.nextval, '18830898', 'nt:gcontent:appSoftWare', '0', null, 0, '财务', null, null);
insert into T_SYNC_TACTIC (ID, CATEGORYID, CONTENTTYPE, UMFLAG, CONTENTTAG, TAGRELATION, APPCATENAME, CRATETIME, LASTUPDATETIME)
values (SEQ_SYNC_TACTIC_ID.nextval, '24436876', 'nt:gcontent:appGame', '0', null, 0, '格斗', null, null);
insert into T_SYNC_TACTIC (ID, CATEGORYID, CONTENTTYPE, UMFLAG, CONTENTTAG, TAGRELATION, APPCATENAME, CRATETIME, LASTUPDATETIME)
values (SEQ_SYNC_TACTIC_ID.nextval, '24436878', 'nt:gcontent:appGame', '0', null, 0, '赛车', null, null);
insert into T_SYNC_TACTIC (ID, CATEGORYID, CONTENTTYPE, UMFLAG, CONTENTTAG, TAGRELATION, APPCATENAME, CRATETIME, LASTUPDATETIME)
values (SEQ_SYNC_TACTIC_ID.nextval, '24436879', 'nt:gcontent:appGame', '0', null, 0, '飞行', null, null);
insert into T_SYNC_TACTIC (ID, CATEGORYID, CONTENTTYPE, UMFLAG, CONTENTTAG, TAGRELATION, APPCATENAME, CRATETIME, LASTUPDATETIME)
values (SEQ_SYNC_TACTIC_ID.nextval, '24436891', 'nt:gcontent:appGame', '0', null, 0, '益智', null, null);
insert into T_SYNC_TACTIC (ID, CATEGORYID, CONTENTTYPE, UMFLAG, CONTENTTAG, TAGRELATION, APPCATENAME, CRATETIME, LASTUPDATETIME)
values (SEQ_SYNC_TACTIC_ID.nextval, '18830901', 'nt:gcontent:appGame', '0', null, 0, '策略', null, null);
insert into T_SYNC_TACTIC (ID, CATEGORYID, CONTENTTYPE, UMFLAG, CONTENTTAG, TAGRELATION, APPCATENAME, CRATETIME, LASTUPDATETIME)
values (SEQ_SYNC_TACTIC_ID.nextval, '18830902', 'nt:gcontent:appGame', '0', null, 0, '动作', null, null);
insert into T_SYNC_TACTIC (ID, CATEGORYID, CONTENTTYPE, UMFLAG, CONTENTTAG, TAGRELATION, APPCATENAME, CRATETIME, LASTUPDATETIME)
values (SEQ_SYNC_TACTIC_ID.nextval, '18830903', 'nt:gcontent:appGame', '0', null, 0, '角色', null, null);
insert into T_SYNC_TACTIC (ID, CATEGORYID, CONTENTTYPE, UMFLAG, CONTENTTAG, TAGRELATION, APPCATENAME, CRATETIME, LASTUPDATETIME)
values (SEQ_SYNC_TACTIC_ID.nextval, '18830904', 'nt:gcontent:appGame', '0', null, 0, '冒险', null, null);
insert into T_SYNC_TACTIC (ID, CATEGORYID, CONTENTTYPE, UMFLAG, CONTENTTAG, TAGRELATION, APPCATENAME, CRATETIME, LASTUPDATETIME)
values (SEQ_SYNC_TACTIC_ID.nextval, '18830905', 'nt:gcontent:appGame', '0', null, 0, '其他', null, null);
insert into T_SYNC_TACTIC (ID, CATEGORYID, CONTENTTYPE, UMFLAG, CONTENTTAG, TAGRELATION, APPCATENAME, CRATETIME, LASTUPDATETIME)
values (SEQ_SYNC_TACTIC_ID.nextval, '18830906', 'nt:gcontent:appGame', '0', null, 0, '棋牌', null, null);
insert into T_SYNC_TACTIC (ID, CATEGORYID, CONTENTTYPE, UMFLAG, CONTENTTAG, TAGRELATION, APPCATENAME, CRATETIME, LASTUPDATETIME)
values (SEQ_SYNC_TACTIC_ID.nextval, '18830907', 'nt:gcontent:appGame', '0', null, 0, '射击', null, null);
insert into T_SYNC_TACTIC (ID, CATEGORYID, CONTENTTYPE, UMFLAG, CONTENTTAG, TAGRELATION, APPCATENAME, CRATETIME, LASTUPDATETIME)
values (SEQ_SYNC_TACTIC_ID.nextval, '18830908', 'nt:gcontent:appGame', '0', null, 0, '体育', null, null);
insert into T_SYNC_TACTIC (ID, CATEGORYID, CONTENTTYPE, UMFLAG, CONTENTTAG, TAGRELATION, APPCATENAME, CRATETIME, LASTUPDATETIME)
values (SEQ_SYNC_TACTIC_ID.nextval, '18830909', 'nt:gcontent:appGame', '0', null, 0, '休闲', null, null);
insert into T_SYNC_TACTIC (ID, CATEGORYID, CONTENTTYPE, UMFLAG, CONTENTTAG, TAGRELATION, APPCATENAME, CRATETIME, LASTUPDATETIME)
values (SEQ_SYNC_TACTIC_ID.nextval, '24436910', 'nt:gcontent:appTheme', '0', null, 0, '搞笑', null, null);
insert into T_SYNC_TACTIC (ID, CATEGORYID, CONTENTTYPE, UMFLAG, CONTENTTAG, TAGRELATION, APPCATENAME, CRATETIME, LASTUPDATETIME)
values (SEQ_SYNC_TACTIC_ID.nextval, '24436913', 'nt:gcontent:appTheme', '0', null, 0, '色彩', null, null);
insert into T_SYNC_TACTIC (ID, CATEGORYID, CONTENTTYPE, UMFLAG, CONTENTTAG, TAGRELATION, APPCATENAME, CRATETIME, LASTUPDATETIME)
values (SEQ_SYNC_TACTIC_ID.nextval, '24436918', 'nt:gcontent:appTheme', '0', null, 0, '创意', null, null);
insert into T_SYNC_TACTIC (ID, CATEGORYID, CONTENTTYPE, UMFLAG, CONTENTTAG, TAGRELATION, APPCATENAME, CRATETIME, LASTUPDATETIME)
values (SEQ_SYNC_TACTIC_ID.nextval, '24436919', 'nt:gcontent:appTheme', '0', null, 0, '插画', null, null);
insert into T_SYNC_TACTIC (ID, CATEGORYID, CONTENTTYPE, UMFLAG, CONTENTTAG, TAGRELATION, APPCATENAME, CRATETIME, LASTUPDATETIME)
values (SEQ_SYNC_TACTIC_ID.nextval, '24436924', 'nt:gcontent:appTheme', '0', null, 0, '军事', null, null);
insert into T_SYNC_TACTIC (ID, CATEGORYID, CONTENTTYPE, UMFLAG, CONTENTTAG, TAGRELATION, APPCATENAME, CRATETIME, LASTUPDATETIME)
values (SEQ_SYNC_TACTIC_ID.nextval, '24436925', 'nt:gcontent:appTheme', '0', null, 0, '建筑', null, null);
insert into T_SYNC_TACTIC (ID, CATEGORYID, CONTENTTYPE, UMFLAG, CONTENTTAG, TAGRELATION, APPCATENAME, CRATETIME, LASTUPDATETIME)
values (SEQ_SYNC_TACTIC_ID.nextval, '24436926', 'nt:gcontent:appTheme', '0', null, 0, '植物', null, null);
insert into T_SYNC_TACTIC (ID, CATEGORYID, CONTENTTYPE, UMFLAG, CONTENTTAG, TAGRELATION, APPCATENAME, CRATETIME, LASTUPDATETIME)
values (SEQ_SYNC_TACTIC_ID.nextval, '18830910', 'nt:gcontent:appTheme', '0', null, 0, '动物', null, null);
insert into T_SYNC_TACTIC (ID, CATEGORYID, CONTENTTYPE, UMFLAG, CONTENTTAG, TAGRELATION, APPCATENAME, CRATETIME, LASTUPDATETIME)
values (SEQ_SYNC_TACTIC_ID.nextval, '18830911', 'nt:gcontent:appTheme', '0', null, 0, '风景', null, null);
insert into T_SYNC_TACTIC (ID, CATEGORYID, CONTENTTYPE, UMFLAG, CONTENTTAG, TAGRELATION, APPCATENAME, CRATETIME, LASTUPDATETIME)
values (SEQ_SYNC_TACTIC_ID.nextval, '18830912', 'nt:gcontent:appTheme', '0', null, 0, '节日', null, null);
insert into T_SYNC_TACTIC (ID, CATEGORYID, CONTENTTYPE, UMFLAG, CONTENTTAG, TAGRELATION, APPCATENAME, CRATETIME, LASTUPDATETIME)
values (SEQ_SYNC_TACTIC_ID.nextval, '18830913', 'nt:gcontent:appTheme', '0', null, 0, '卡通', null, null);
insert into T_SYNC_TACTIC (ID, CATEGORYID, CONTENTTYPE, UMFLAG, CONTENTTAG, TAGRELATION, APPCATENAME, CRATETIME, LASTUPDATETIME)
values (SEQ_SYNC_TACTIC_ID.nextval, '18830915', 'nt:gcontent:appTheme', '0', null, 0, '爱情', null, null);
insert into T_SYNC_TACTIC (ID, CATEGORYID, CONTENTTYPE, UMFLAG, CONTENTTAG, TAGRELATION, APPCATENAME, CRATETIME, LASTUPDATETIME)
values (SEQ_SYNC_TACTIC_ID.nextval, '18830917', 'nt:gcontent:appTheme', '0', null, 0, '汽车', null, null);
insert into T_SYNC_TACTIC (ID, CATEGORYID, CONTENTTYPE, UMFLAG, CONTENTTAG, TAGRELATION, APPCATENAME, CRATETIME, LASTUPDATETIME)
values (SEQ_SYNC_TACTIC_ID.nextval, '18830918', 'nt:gcontent:appTheme', '0', null, 0, '人物', null, null);
insert into T_SYNC_TACTIC (ID, CATEGORYID, CONTENTTYPE, UMFLAG, CONTENTTAG, TAGRELATION, APPCATENAME, CRATETIME, LASTUPDATETIME)
values (SEQ_SYNC_TACTIC_ID.nextval, '18830919', 'nt:gcontent:appTheme', '0', null, 0, '体育', null, null);
