
-------软件  start-------
insert into t_r_category (ID, NAME, DESCS, SORTID, CTYPE, CATEGORYID, DELFLAG, CHANGEDATE, STATE, PARENTCATEGORYID, RELATION, PICURL, STATISTIC)
values ('7004', '工具', '系统工具--系统', 0, 0, '100000013', 0, '2009-04-06 15:38:09', 1, '100000003', 'W', '', 0);

insert into t_r_base (ID, PARENTID, PATH, TYPE)
values ('7004', '1007', '{100}.{701}.{1007}.{7004}', 'nt:category');


insert into t_r_category (ID, NAME, DESCS, SORTID, CTYPE, CATEGORYID, DELFLAG, CHANGEDATE, STATE, PARENTCATEGORYID, RELATION, PICURL, STATISTIC)
values ('7008', '娱乐', '多媒体软件--娱乐', 0, 0, '100000017', 0, '2009-04-06 15:39:33', 1, '100000003', 'W', '', 0);

insert into t_r_base (ID, PARENTID, PATH, TYPE)
values ('7008', '1007', '{100}.{701}.{1007}.{7008}', 'nt:category');


insert into t_r_category (ID, NAME, DESCS, SORTID, CTYPE, CATEGORYID, DELFLAG, CHANGEDATE, STATE, PARENTCATEGORYID, RELATION, PICURL, STATISTIC)
values ('24436845', '生活', '生活', 0, 0, '100002314', 0, '2010-06-16 14:47:48', 1, '100000003', 'W', '', null);
insert into t_r_base (ID, PARENTID, PATH, TYPE)
values ('24436845', '1007', '{100}.{701}.{1007}.{24436845}', 'nt:category');


insert into t_r_category (ID, NAME, DESCS, SORTID, CTYPE, CATEGORYID, DELFLAG, CHANGEDATE, STATE, PARENTCATEGORYID, RELATION, PICURL, STATISTIC)
values ('24436848', '书籍', '书籍', 0, 0, '100002317', 0, '2010-06-16 14:48:15', 1, '100000003', 'W', '', null);

insert into t_r_base (ID, PARENTID, PATH, TYPE)
values ('24436848', '1007', '{100}.{701}.{1007}.{24436848}', 'nt:category');

insert into t_r_category (ID, NAME, DESCS, SORTID, CTYPE, CATEGORYID, DELFLAG, CHANGEDATE, STATE, PARENTCATEGORYID, RELATION, PICURL, STATISTIC)
values ('7005', '新闻', '实用软件--新闻', 0, 0, '100000014', 0, '2009-04-06 15:38:21', 1, '100000003', 'W', '', 0);
insert into t_r_base (ID, PARENTID, PATH, TYPE)
values ('7005', '1007', '{100}.{701}.{1007}.{7005}', 'nt:category');

insert into t_r_category (ID, NAME, DESCS, SORTID, CTYPE, CATEGORYID, DELFLAG, CHANGEDATE, STATE, PARENTCATEGORYID, RELATION, PICURL, STATISTIC)
values ('24436882', '视频', '视频', 0, 0, '100002351', 0, '2010-06-16 14:54:24', 1, '100000003', 'W', '', null);
insert into t_r_base (ID, PARENTID, PATH, TYPE)
values ('24436882', '1007', '{100}.{701}.{1007}.{24436882}', 'nt:category');


insert into t_r_category (ID, NAME, DESCS, SORTID, CTYPE, CATEGORYID, DELFLAG, CHANGEDATE, STATE, PARENTCATEGORYID, RELATION, PICURL, STATISTIC)
values ('7010', '社交', '通信辅助--社交', 0, 0, '100000019', 0, '2009-04-06 15:39:56', 1, '100000003', 'W', '', 0);

insert into t_r_base (ID, PARENTID, PATH, TYPE)
values ('7010', '1007', '{100}.{701}.{1007}.{7010}', 'nt:category');


insert into t_r_category (ID, NAME, DESCS, SORTID, CTYPE, CATEGORYID, DELFLAG, CHANGEDATE, STATE, PARENTCATEGORYID, RELATION, PICURL, STATISTIC)
values ('24436847', '教育', '教育', 0, 0, '100002316', 0, '2010-06-16 14:48:07', 1, '100000003', 'W', '', null);
insert into t_r_base (ID, PARENTID, PATH, TYPE)
values ('24436847', '1007', '{100}.{701}.{1007}.{24436847}', 'nt:category');


insert into t_r_category (ID, NAME, DESCS, SORTID, CTYPE, CATEGORYID, DELFLAG, CHANGEDATE, STATE, PARENTCATEGORYID, RELATION, PICURL, STATISTIC)
values ('24436841', '财务', '实用软件--财务', 0, 0, '100002310', 0, '2010-06-16 14:47:20', 1, '100000003', 'W', '', null);
insert into t_r_base (ID, PARENTID, PATH, TYPE)
values ('24436841', '1007', '{100}.{701}.{1007}.{24436841}', 'nt:category');

insert into t_r_category (ID, NAME, DESCS, SORTID, CTYPE, CATEGORYID, DELFLAG, CHANGEDATE, STATE, PARENTCATEGORYID, RELATION, PICURL, STATISTIC)
values ('24436846', '摄影', '摄影', 0, 0, '100002315', 0, '2010-06-16 14:47:57', 1, '100000003', 'W', '', null);
insert into t_r_base (ID, PARENTID, PATH, TYPE)
values ('24436846', '1007', '{100}.{701}.{1007}.{24436846}', 'nt:category');

insert into t_r_category (ID, NAME, DESCS, SORTID, CTYPE, CATEGORYID, DELFLAG, CHANGEDATE, STATE, PARENTCATEGORYID, RELATION, PICURL, STATISTIC)
values ('7012', '商务', '网络软件--商务', 0, 0, '100000021', 0, '2009-04-06 15:40:11', 1, '100000003', 'W', '', 0);

insert into t_r_base (ID, PARENTID, PATH, TYPE)
values ('7012', '1007', '{100}.{701}.{1007}.{7012}', 'nt:category');


insert into t_r_category (ID, NAME, DESCS, SORTID, CTYPE, CATEGORYID, DELFLAG, CHANGEDATE, STATE, PARENTCATEGORYID, RELATION, PICURL, STATISTIC)
values ('24436852', '健康', '健康', 0, 0, '100002321', 0, '2010-06-16 14:48:39', 1, '100000003', 'W', '', null);

insert into t_r_base (ID, PARENTID, PATH, TYPE)
values ('24436852', '1007', '{100}.{701}.{1007}.{24436852}', 'nt:category');

insert into t_r_category (ID, NAME, DESCS, SORTID, CTYPE, CATEGORYID, DELFLAG, CHANGEDATE, STATE, PARENTCATEGORYID, RELATION, PICURL, STATISTIC)
values ('56175634', '动漫', '', 0, 0, '100002818', 0, '2010-11-13 09:27:13', 1, '100000003', 'W', '', null);
insert into t_r_base (ID, PARENTID, PATH, TYPE)
values ('56175634', '1007', '{100}.{701}.{1007}.{56175634}', 'nt:category');

-------软件  end-------
-------游戏  start-------

insert into t_r_category (ID, NAME, DESCS, SORTID, CTYPE, CATEGORYID, DELFLAG, CHANGEDATE, STATE, PARENTCATEGORYID, RELATION, PICURL, STATISTIC)
values ('7018', '休闲', '休闲趣味--休闲', 0, 0, '100000027', 0, '2009-04-06 15:41:18', 1, '100000005', 'W', '', 0);
insert into t_r_base (ID, PARENTID, PATH, TYPE)
values ('7018', '1009', '{100}.{701}.{1009}.{7018}', 'nt:category');

insert into t_r_category (ID, NAME, DESCS, SORTID, CTYPE, CATEGORYID, DELFLAG, CHANGEDATE, STATE, PARENTCATEGORYID, RELATION, PICURL, STATISTIC)
values ('691704', '棋牌', '棋牌益智--棋牌', 0, 0, '100000271', 0, '2009-05-25 18:12:29', 1, '100000005', 'W', '', 0);
insert into t_r_base (ID, PARENTID, PATH, TYPE)
values ('691704', '1009', '{100}.{701}.{1009}.{691704}', 'nt:category');
insert into t_r_category (ID, NAME, DESCS, SORTID, CTYPE, CATEGORYID, DELFLAG, CHANGEDATE, STATE, PARENTCATEGORYID, RELATION, PICURL, STATISTIC)
values ('7022', '动作', '动作格斗--动作', 0, 0, '100000031', 0, '2009-04-06 15:42:13', 1, '100000005', 'W', '', 0);
insert into t_r_base (ID, PARENTID, PATH, TYPE)
values ('7022', '1009', '{100}.{701}.{1009}.{7022}', 'nt:category');

insert into t_r_category (ID, NAME, DESCS, SORTID, CTYPE, CATEGORYID, DELFLAG, CHANGEDATE, STATE, PARENTCATEGORYID, RELATION, PICURL, STATISTIC)
values ('7024', '体育', '体育竞技--体育', 0, 0, '100000033', 0, '2009-04-06 15:47:24', 1, '100000005', 'W', '', 0);
insert into t_r_base (ID, PARENTID, PATH, TYPE)
values ('7024', '1009', '{100}.{701}.{1009}.{7024}', 'nt:category');
insert into t_r_category (ID, NAME, DESCS, SORTID, CTYPE, CATEGORYID, DELFLAG, CHANGEDATE, STATE, PARENTCATEGORYID, RELATION, PICURL, STATISTIC)
values ('7026', '射击', '射击飞行--射击', 0, 0, '100000035', 0, '2009-04-06 15:47:39', 1, '100000005', 'W', '', 0);
insert into t_r_base (ID, PARENTID, PATH, TYPE)
values ('7026', '1009', '{100}.{701}.{1009}.{7026}', 'nt:category');

insert into t_r_category (ID, NAME, DESCS, SORTID, CTYPE, CATEGORYID, DELFLAG, CHANGEDATE, STATE, PARENTCATEGORYID, RELATION, PICURL, STATISTIC)
values ('7016', '冒险', '冒险模拟--冒险', 0, 0, '100000025', 0, '2009-04-06 15:41:02', 1, '100000005', 'W', '', 0);
insert into t_r_base (ID, PARENTID, PATH, TYPE)
values ('7016', '1009', '{100}.{701}.{1009}.{7016}', 'nt:category');


insert into t_r_category (ID, NAME, DESCS, SORTID, CTYPE, CATEGORYID, DELFLAG, CHANGEDATE, STATE, PARENTCATEGORYID, RELATION, PICURL, STATISTIC)
values ('7014', '策略', '策略回合--策略', 0, 0, '100000023', 0, '2009-04-06 15:40:26', 1, '100000005', 'W', '', 0);
insert into t_r_base (ID, PARENTID, PATH, TYPE)
values ('7014', '1009', '{100}.{701}.{1009}.{7014}', 'nt:category');

insert into t_r_category (ID, NAME, DESCS, SORTID, CTYPE, CATEGORYID, DELFLAG, CHANGEDATE, STATE, PARENTCATEGORYID, RELATION, PICURL, STATISTIC)
values ('24436904', '赛车', '赛车', 0, 0, '100002373', 0, '2010-06-16 15:03:14', 1, '100000005', 'W', '', null);
insert into t_r_base (ID, PARENTID, PATH, TYPE)
values ('24436904', '1009', '{100}.{701}.{1009}.{24436904}', 'nt:category');
insert into t_r_category (ID, NAME, DESCS, SORTID, CTYPE, CATEGORYID, DELFLAG, CHANGEDATE, STATE, PARENTCATEGORYID, RELATION, PICURL, STATISTIC)
values ('24436920', '飞行', '飞行', 0, 0, '100002389', 0, '2010-06-16 15:05:42', 1, '100000005', 'W', '', null);
insert into t_r_base (ID, PARENTID, PATH, TYPE)
values ('24436920', '1009', '{100}.{701}.{1009}.{24436920}', 'nt:category');
insert into t_r_category (ID, NAME, DESCS, SORTID, CTYPE, CATEGORYID, DELFLAG, CHANGEDATE, STATE, PARENTCATEGORYID, RELATION, PICURL, STATISTIC)
values ('24436899', '格斗', '格斗', 0, 0, '100002368', 0, '2010-06-16 15:02:18', 1, '100000005', 'W', '', null);
insert into t_r_base (ID, PARENTID, PATH, TYPE)
values ('24436899', '1009', '{100}.{701}.{1009}.{24436899}', 'nt:category');

insert into t_r_category (ID, NAME, DESCS, SORTID, CTYPE, CATEGORYID, DELFLAG, CHANGEDATE, STATE, PARENTCATEGORYID, RELATION, PICURL, STATISTIC)
values ('7020', '角色', '角色扮演--角色', 0, 0, '100000029', 0, '2009-04-06 15:41:57', 1, '100000005', 'W', '', 0);
insert into t_r_base (ID, PARENTID, PATH, TYPE)
values ('7020', '1009', '{100}.{701}.{1009}.{7020}', 'nt:category');
insert into t_r_category (ID, NAME, DESCS, SORTID, CTYPE, CATEGORYID, DELFLAG, CHANGEDATE, STATE, PARENTCATEGORYID, RELATION, PICURL, STATISTIC)
values ('24436929', '益智', '益智', 0, 0, '100002398', 0, '2010-06-16 15:08:14', 1, '100000005', 'W', '', null);
insert into t_r_base (ID, PARENTID, PATH, TYPE)
values ('24436929', '1009', '{100}.{701}.{1009}.{24436929}', 'nt:category');
insert into t_r_category (ID, NAME, DESCS, SORTID, CTYPE, CATEGORYID, DELFLAG, CHANGEDATE, STATE, PARENTCATEGORYID, RELATION, PICURL, STATISTIC)
values ('7052', '其他', '其他', 0, 0, '100000061', 0, '2009-04-06 15:51:21', 1, '100000005', 'W', '', null);
insert into t_r_base (ID, PARENTID, PATH, TYPE)
values ('7052', '1009', '{100}.{701}.{1009}.{7052}', 'nt:category');

-------游戏  end-------

-------主题  start-------
insert into t_r_category (ID, NAME, DESCS, SORTID, CTYPE, CATEGORYID, DELFLAG, CHANGEDATE, STATE, PARENTCATEGORYID, RELATION, PICURL, STATISTIC)
values ('7034', '节日', '节日', 0, 0, '100000043', 0, '2009-04-06 15:48:54', 1, '100000004', 'W', '', null);
insert into t_r_base (ID, PARENTID, PATH, TYPE)
values ('7034', '1008', '{100}.{701}.{1008}.{7034}', 'nt:category');
insert into t_r_category (ID, NAME, DESCS, SORTID, CTYPE, CATEGORYID, DELFLAG, CHANGEDATE, STATE, PARENTCATEGORYID, RELATION, PICURL, STATISTIC)
values ('7040', '体育', '体育', 0, 0, '100000049', 0, '2009-04-06 15:49:44', 1, '100000004', 'W', '', null);
insert into t_r_base (ID, PARENTID, PATH, TYPE)
values ('7040', '1008', '{100}.{701}.{1008}.{7040}', 'nt:category');
insert into t_r_category (ID, NAME, DESCS, SORTID, CTYPE, CATEGORYID, DELFLAG, CHANGEDATE, STATE, PARENTCATEGORYID, RELATION, PICURL, STATISTIC)
values ('7042', '动物', '动物', 0, 0, '100000051', 0, '2009-04-06 15:49:58', 1, '100000004', 'W', '', null);
insert into t_r_base (ID, PARENTID, PATH, TYPE)
values ('7042', '1008', '{100}.{701}.{1008}.{7042}', 'nt:category');

insert into t_r_category (ID, NAME, DESCS, SORTID, CTYPE, CATEGORYID, DELFLAG, CHANGEDATE, STATE, PARENTCATEGORYID, RELATION, PICURL, STATISTIC)
values ('24436941', '植物', '植物', 0, 0, '100002410', 0, '2010-06-16 15:14:16', 1, '100000004', 'W', '', null);
insert into t_r_base (ID, PARENTID, PATH, TYPE)
values ('24436941', '1008', '{100}.{701}.{1008}.{24436941}', 'nt:category');
insert into t_r_category (ID, NAME, DESCS, SORTID, CTYPE, CATEGORYID, DELFLAG, CHANGEDATE, STATE, PARENTCATEGORYID, RELATION, PICURL, STATISTIC)
values ('24436937', '插画', '插画', 0, 0, '100002406', 0, '2010-06-16 15:11:34', 1, '100000004', 'W', '', null);
insert into t_r_base (ID, PARENTID, PATH, TYPE)
values ('24436937', '1008', '{100}.{701}.{1008}.{24436937}', 'nt:category');

insert into t_r_category (ID, NAME, DESCS, SORTID, CTYPE, CATEGORYID, DELFLAG, CHANGEDATE, STATE, PARENTCATEGORYID, RELATION, PICURL, STATISTIC)
values ('24436930', '搞笑', '搞笑', 0, 0, '100002399', 0, '2010-06-16 15:10:13', 1, '100000004', 'W', '', null);
insert into t_r_base (ID, PARENTID, PATH, TYPE)
values ('24436930', '1008', '{100}.{701}.{1008}.{24436930}', 'nt:category');

insert into t_r_category (ID, NAME, DESCS, SORTID, CTYPE, CATEGORYID, DELFLAG, CHANGEDATE, STATE, PARENTCATEGORYID, RELATION, PICURL, STATISTIC)
values ('24436940', '建筑', '建筑', 0, 0, '100002409', 0, '2010-06-16 15:14:06', 1, '100000004', 'W', '', null);
insert into t_r_base (ID, PARENTID, PATH, TYPE)
values ('24436940', '1008', '{100}.{701}.{1008}.{24436940}', 'nt:category');
insert into t_r_category (ID, NAME, DESCS, SORTID, CTYPE, CATEGORYID, DELFLAG, CHANGEDATE, STATE, PARENTCATEGORYID, RELATION, PICURL, STATISTIC)
values ('7048', '汽车', '汽车', 0, 0, '100000057', 0, '2009-04-06 15:50:44', 1, '100000004', 'W', '', null);
insert into t_r_base (ID, PARENTID, PATH, TYPE)
values ('7048', '1008', '{100}.{701}.{1008}.{7048}', 'nt:category');
insert into t_r_category (ID, NAME, DESCS, SORTID, CTYPE, CATEGORYID, DELFLAG, CHANGEDATE, STATE, PARENTCATEGORYID, RELATION, PICURL, STATISTIC)
values ('7044', '卡通', '卡通', 0, 0, '100000053', 0, '2009-04-06 15:50:13', 1, '100000004', 'W', '', null);
insert into t_r_base (ID, PARENTID, PATH, TYPE)
values ('7044', '1008', '{100}.{701}.{1008}.{7044}', 'nt:category');
insert into t_r_category (ID, NAME, DESCS, SORTID, CTYPE, CATEGORYID, DELFLAG, CHANGEDATE, STATE, PARENTCATEGORYID, RELATION, PICURL, STATISTIC)
values ('7050', '风景', '风景', 0, 0, '100000059', 0, '2009-04-06 15:50:59', 1, '100000004', 'W', '', null);

insert into t_r_base (ID, PARENTID, PATH, TYPE)
values ('7050', '1008', '{100}.{701}.{1008}.{7050}', 'nt:category');

insert into t_r_category (ID, NAME, DESCS, SORTID, CTYPE, CATEGORYID, DELFLAG, CHANGEDATE, STATE, PARENTCATEGORYID, RELATION, PICURL, STATISTIC)
values ('7030', '人物', '人物', 0, 0, '100000039', 0, '2009-04-06 15:48:26', 1, '100000004', 'W', '', null);
insert into t_r_base (ID, PARENTID, PATH, TYPE)
values ('7030', '1008', '{100}.{701}.{1008}.{7030}', 'nt:category');

insert into t_r_category (ID, NAME, DESCS, SORTID, CTYPE, CATEGORYID, DELFLAG, CHANGEDATE, STATE, PARENTCATEGORYID, RELATION, PICURL, STATISTIC)
values ('7028', '爱情', '酷图--爱情', 0, 0, '100000037', 0, '2009-04-06 15:47:58', 1, '100000004', 'W', '', 0);
insert into t_r_base (ID, PARENTID, PATH, TYPE)
values ('7028', '1008', '{100}.{701}.{1008}.{7028}', 'nt:category');

insert into t_r_category (ID, NAME, DESCS, SORTID, CTYPE, CATEGORYID, DELFLAG, CHANGEDATE, STATE, PARENTCATEGORYID, RELATION, PICURL, STATISTIC)
values ('24436936', '创意', '创意', 0, 0, '100002405', 0, '2010-06-16 15:10:59', 1, '100000004', 'W', '', null);

insert into t_r_base (ID, PARENTID, PATH, TYPE)
values ('24436936', '1008', '{100}.{701}.{1008}.{24436936}', 'nt:category');

insert into t_r_category (ID, NAME, DESCS, SORTID, CTYPE, CATEGORYID, DELFLAG, CHANGEDATE, STATE, PARENTCATEGORYID, RELATION, PICURL, STATISTIC)
values ('24436932', '色彩', '色彩', 0, 0, '100002401', 0, '2010-06-16 15:10:29', 1, '100000004', 'W', '', null);
insert into t_r_base (ID, PARENTID, PATH, TYPE)
values ('24436932', '1008', '{100}.{701}.{1008}.{24436932}', 'nt:category');

insert into t_r_category (ID, NAME, DESCS, SORTID, CTYPE, CATEGORYID, DELFLAG, CHANGEDATE, STATE, PARENTCATEGORYID, RELATION, PICURL, STATISTIC)
values ('24436939', '军事', '军事', 0, 0, '100002408', 0, '2010-06-16 15:12:51', 1, '100000004', 'W', '', null);
insert into t_r_base (ID, PARENTID, PATH, TYPE)
values ('24436939', '1008', '{100}.{701}.{1008}.{24436939}', 'nt:category');


-------主题  end-------



insert into t_sync_tactic (ID, CATEGORYID, CONTENTTYPE, UMFLAG, CONTENTTAG, TAGRELATION, APPCATENAME, CRATETIME, LASTUPDATETIME)
values (SEQ_SYNC_TACTIC_ID.Nextval, '24436941', 'nt:gcontent:appTheme', '0', '', 0, '植物', '', '');

insert into t_sync_tactic (ID, CATEGORYID, CONTENTTYPE, UMFLAG, CONTENTTAG, TAGRELATION, APPCATENAME, CRATETIME, LASTUPDATETIME)
values (SEQ_SYNC_TACTIC_ID.Nextval, '7008', 'nt:gcontent:appSoftWare', '0', '', 0, '娱乐', '', '');

insert into t_sync_tactic (ID, CATEGORYID, CONTENTTYPE, UMFLAG, CONTENTTAG, TAGRELATION, APPCATENAME, CRATETIME, LASTUPDATETIME)
values (SEQ_SYNC_TACTIC_ID.Nextval, '24436929', 'nt:gcontent:appGame', '0', '', 0, '益智', '', '');

insert into t_sync_tactic (ID, CATEGORYID, CONTENTTYPE, UMFLAG, CONTENTTAG, TAGRELATION, APPCATENAME, CRATETIME, LASTUPDATETIME)
values (SEQ_SYNC_TACTIC_ID.Nextval, '7018', 'nt:gcontent:appGame', '0', '', 0, '休闲', '', '');

insert into t_sync_tactic (ID, CATEGORYID, CONTENTTYPE, UMFLAG, CONTENTTAG, TAGRELATION, APPCATENAME, CRATETIME, LASTUPDATETIME)
values (SEQ_SYNC_TACTIC_ID.Nextval, '7005', 'nt:gcontent:appSoftWare', '0', '', 0, '新闻', '', '');

insert into t_sync_tactic (ID, CATEGORYID, CONTENTTYPE, UMFLAG, CONTENTTAG, TAGRELATION, APPCATENAME, CRATETIME, LASTUPDATETIME)
values (SEQ_SYNC_TACTIC_ID.Nextval, '7024', 'nt:gcontent:appGame', '0', '', 0, '体育', '', '');

insert into t_sync_tactic (ID, CATEGORYID, CONTENTTYPE, UMFLAG, CONTENTTAG, TAGRELATION, APPCATENAME, CRATETIME, LASTUPDATETIME)
values (SEQ_SYNC_TACTIC_ID.Nextval, '7040', 'nt:gcontent:appTheme', '0', '', 0, '体育', '', '');

insert into t_sync_tactic (ID, CATEGORYID, CONTENTTYPE, UMFLAG, CONTENTTAG, TAGRELATION, APPCATENAME, CRATETIME, LASTUPDATETIME)
values (SEQ_SYNC_TACTIC_ID.Nextval, '24436848', 'nt:gcontent:appSoftWare', '0', '', 0, '书籍', '', '');

insert into t_sync_tactic (ID, CATEGORYID, CONTENTTYPE, UMFLAG, CONTENTTAG, TAGRELATION, APPCATENAME, CRATETIME, LASTUPDATETIME)
values (SEQ_SYNC_TACTIC_ID.Nextval, '24436882', 'nt:gcontent:appSoftWare', '0', '', 0, '视频', '', '');

insert into t_sync_tactic (ID, CATEGORYID, CONTENTTYPE, UMFLAG, CONTENTTAG, TAGRELATION, APPCATENAME, CRATETIME, LASTUPDATETIME)
values (SEQ_SYNC_TACTIC_ID.Nextval, '24436845', 'nt:gcontent:appSoftWare', '0', '', 0, '生活', '', '');

insert into t_sync_tactic (ID, CATEGORYID, CONTENTTYPE, UMFLAG, CONTENTTAG, TAGRELATION, APPCATENAME, CRATETIME, LASTUPDATETIME)
values (SEQ_SYNC_TACTIC_ID.Nextval, '7010', 'nt:gcontent:appSoftWare', '0', '', 0, '社交', '', '');

insert into t_sync_tactic (ID, CATEGORYID, CONTENTTYPE, UMFLAG, CONTENTTAG, TAGRELATION, APPCATENAME, CRATETIME, LASTUPDATETIME)
values (SEQ_SYNC_TACTIC_ID.Nextval, '7026', 'nt:gcontent:appGame', '0', '', 0, '射击', '', '');

insert into t_sync_tactic (ID, CATEGORYID, CONTENTTYPE, UMFLAG, CONTENTTAG, TAGRELATION, APPCATENAME, CRATETIME, LASTUPDATETIME)
values (SEQ_SYNC_TACTIC_ID.Nextval, '24436846', 'nt:gcontent:appSoftWare', '0', '', 0, '摄影', '', '');

insert into t_sync_tactic (ID, CATEGORYID, CONTENTTYPE, UMFLAG, CONTENTTAG, TAGRELATION, APPCATENAME, CRATETIME, LASTUPDATETIME)
values (SEQ_SYNC_TACTIC_ID.Nextval, '7012', 'nt:gcontent:appSoftWare', '0', '', 0, '商务', '', '');

insert into t_sync_tactic (ID, CATEGORYID, CONTENTTYPE, UMFLAG, CONTENTTAG, TAGRELATION, APPCATENAME, CRATETIME, LASTUPDATETIME)
values (SEQ_SYNC_TACTIC_ID.Nextval, '24436932', 'nt:gcontent:appTheme', '0', '', 0, '色彩', '', '');

insert into t_sync_tactic (ID, CATEGORYID, CONTENTTYPE, UMFLAG, CONTENTTAG, TAGRELATION, APPCATENAME, CRATETIME, LASTUPDATETIME)
values (SEQ_SYNC_TACTIC_ID.Nextval, '24436904', 'nt:gcontent:appGame', '0', '', 0, '赛车', '', '');

insert into t_sync_tactic (ID, CATEGORYID, CONTENTTYPE, UMFLAG, CONTENTTAG, TAGRELATION, APPCATENAME, CRATETIME, LASTUPDATETIME)
values (SEQ_SYNC_TACTIC_ID.Nextval, '7030', 'nt:gcontent:appTheme', '0', '', 0, '人物', '', '');

insert into t_sync_tactic (ID, CATEGORYID, CONTENTTYPE, UMFLAG, CONTENTTAG, TAGRELATION, APPCATENAME, CRATETIME, LASTUPDATETIME)
values (SEQ_SYNC_TACTIC_ID.Nextval, '7048', 'nt:gcontent:appTheme', '0', '', 0, '汽车', '', '');

insert into t_sync_tactic (ID, CATEGORYID, CONTENTTYPE, UMFLAG, CONTENTTAG, TAGRELATION, APPCATENAME, CRATETIME, LASTUPDATETIME)
values (SEQ_SYNC_TACTIC_ID.Nextval, '691704', 'nt:gcontent:appGame', '0', '', 0, '棋牌', '', '');

insert into t_sync_tactic (ID, CATEGORYID, CONTENTTYPE, UMFLAG, CONTENTTAG, TAGRELATION, APPCATENAME, CRATETIME, LASTUPDATETIME)
values (SEQ_SYNC_TACTIC_ID.Nextval, '7052', 'nt:gcontent:appGame', '0', '', 0, '其他', '', '');

insert into t_sync_tactic (ID, CATEGORYID, CONTENTTYPE, UMFLAG, CONTENTTAG, TAGRELATION, APPCATENAME, CRATETIME, LASTUPDATETIME)
values (SEQ_SYNC_TACTIC_ID.Nextval, '7016', 'nt:gcontent:appGame', '0', '', 0, '冒险', '', '');

insert into t_sync_tactic (ID, CATEGORYID, CONTENTTYPE, UMFLAG, CONTENTTAG, TAGRELATION, APPCATENAME, CRATETIME, LASTUPDATETIME)
values (SEQ_SYNC_TACTIC_ID.Nextval, '7044', 'nt:gcontent:appTheme', '0', '', 0, '卡通', '', '');

insert into t_sync_tactic (ID, CATEGORYID, CONTENTTYPE, UMFLAG, CONTENTTAG, TAGRELATION, APPCATENAME, CRATETIME, LASTUPDATETIME)
values (SEQ_SYNC_TACTIC_ID.Nextval, '24436939', 'nt:gcontent:appTheme', '0', '', 0, '军事', '', '');

insert into t_sync_tactic (ID, CATEGORYID, CONTENTTYPE, UMFLAG, CONTENTTAG, TAGRELATION, APPCATENAME, CRATETIME, LASTUPDATETIME)
values (SEQ_SYNC_TACTIC_ID.Nextval, '7034', 'nt:gcontent:appTheme', '0', '', 0, '节日', '', '');

insert into t_sync_tactic (ID, CATEGORYID, CONTENTTYPE, UMFLAG, CONTENTTAG, TAGRELATION, APPCATENAME, CRATETIME, LASTUPDATETIME)
values (SEQ_SYNC_TACTIC_ID.Nextval, '24436847', 'nt:gcontent:appSoftWare', '0', '', 0, '教育', '', '');

insert into t_sync_tactic (ID, CATEGORYID, CONTENTTYPE, UMFLAG, CONTENTTAG, TAGRELATION, APPCATENAME, CRATETIME, LASTUPDATETIME)
values (SEQ_SYNC_TACTIC_ID.Nextval, '7020', 'nt:gcontent:appGame', '0', '', 0, '角色', '', '');

insert into t_sync_tactic (ID, CATEGORYID, CONTENTTYPE, UMFLAG, CONTENTTAG, TAGRELATION, APPCATENAME, CRATETIME, LASTUPDATETIME)
values (SEQ_SYNC_TACTIC_ID.Nextval, '24436940', 'nt:gcontent:appTheme', '0', '', 0, '建筑', '', '');

insert into t_sync_tactic (ID, CATEGORYID, CONTENTTYPE, UMFLAG, CONTENTTAG, TAGRELATION, APPCATENAME, CRATETIME, LASTUPDATETIME)
values (SEQ_SYNC_TACTIC_ID.Nextval, '24436852', 'nt:gcontent:appSoftWare', '0', '', 0, '健康', '', '');

insert into t_sync_tactic (ID, CATEGORYID, CONTENTTYPE, UMFLAG, CONTENTTAG, TAGRELATION, APPCATENAME, CRATETIME, LASTUPDATETIME)
values (SEQ_SYNC_TACTIC_ID.Nextval, '7004', 'nt:gcontent:appSoftWare', '0', '', 0, '工具', '', '');

insert into t_sync_tactic (ID, CATEGORYID, CONTENTTYPE, UMFLAG, CONTENTTAG, TAGRELATION, APPCATENAME, CRATETIME, LASTUPDATETIME)
values (SEQ_SYNC_TACTIC_ID.Nextval, '24436899', 'nt:gcontent:appGame', '0', '', 0, '格斗', '', '');

insert into t_sync_tactic (ID, CATEGORYID, CONTENTTYPE, UMFLAG, CONTENTTAG, TAGRELATION, APPCATENAME, CRATETIME, LASTUPDATETIME)
values (SEQ_SYNC_TACTIC_ID.Nextval, '24436930', 'nt:gcontent:appTheme', '0', '', 0, '搞笑', '', '');

insert into t_sync_tactic (ID, CATEGORYID, CONTENTTYPE, UMFLAG, CONTENTTAG, TAGRELATION, APPCATENAME, CRATETIME, LASTUPDATETIME)
values (SEQ_SYNC_TACTIC_ID.Nextval, '7050', 'nt:gcontent:appTheme', '0', '', 0, '风景', '', '');

insert into t_sync_tactic (ID, CATEGORYID, CONTENTTYPE, UMFLAG, CONTENTTAG, TAGRELATION, APPCATENAME, CRATETIME, LASTUPDATETIME)
values (SEQ_SYNC_TACTIC_ID.Nextval, '24436920', 'nt:gcontent:appGame', '0', '', 0, '飞行', '', '');

insert into t_sync_tactic (ID, CATEGORYID, CONTENTTYPE, UMFLAG, CONTENTTAG, TAGRELATION, APPCATENAME, CRATETIME, LASTUPDATETIME)
values (SEQ_SYNC_TACTIC_ID.Nextval, '7022', 'nt:gcontent:appGame', '0', '', 0, '动作', '', '');

insert into t_sync_tactic (ID, CATEGORYID, CONTENTTYPE, UMFLAG, CONTENTTAG, TAGRELATION, APPCATENAME, CRATETIME, LASTUPDATETIME)
values (SEQ_SYNC_TACTIC_ID.Nextval, '7042', 'nt:gcontent:appTheme', '0', '', 0, '动物', '', '');

insert into t_sync_tactic (ID, CATEGORYID, CONTENTTYPE, UMFLAG, CONTENTTAG, TAGRELATION, APPCATENAME, CRATETIME, LASTUPDATETIME)
values (SEQ_SYNC_TACTIC_ID.Nextval, '56175634', 'nt:gcontent:appSoftWare', '0', '', 0, '动漫', '2010-11-11 17:58:16', '2010-11-11 17:58:16');

insert into t_sync_tactic (ID, CATEGORYID, CONTENTTYPE, UMFLAG, CONTENTTAG, TAGRELATION, APPCATENAME, CRATETIME, LASTUPDATETIME)
values (SEQ_SYNC_TACTIC_ID.Nextval, '24436936', 'nt:gcontent:appTheme', '0', '', 0, '创意', '', '');

insert into t_sync_tactic (ID, CATEGORYID, CONTENTTYPE, UMFLAG, CONTENTTAG, TAGRELATION, APPCATENAME, CRATETIME, LASTUPDATETIME)
values (SEQ_SYNC_TACTIC_ID.Nextval, '24436937', 'nt:gcontent:appTheme', '0', '', 0, '插画', '', '');

insert into t_sync_tactic (ID, CATEGORYID, CONTENTTYPE, UMFLAG, CONTENTTAG, TAGRELATION, APPCATENAME, CRATETIME, LASTUPDATETIME)
values (SEQ_SYNC_TACTIC_ID.Nextval, '7014', 'nt:gcontent:appGame', '0', '', 0, '策略', '', '');

insert into t_sync_tactic (ID, CATEGORYID, CONTENTTYPE, UMFLAG, CONTENTTAG, TAGRELATION, APPCATENAME, CRATETIME, LASTUPDATETIME)
values (SEQ_SYNC_TACTIC_ID.Nextval, '24436841', 'nt:gcontent:appSoftWare', '0', '', 0, '财务', '', '');

insert into t_sync_tactic (ID, CATEGORYID, CONTENTTYPE, UMFLAG, CONTENTTAG, TAGRELATION, APPCATENAME, CRATETIME, LASTUPDATETIME)
values (SEQ_SYNC_TACTIC_ID.Nextval, '7028', 'nt:gcontent:appTheme', '0', '', 0, '爱情', '', '');

